Data Source,World Development Indicators,,,,,,,,,,,,,,,,,,,,,,,,,,,,,,,,,,,,,,,,,,,,,,,,,,,,,,,,,,,,,,,,,,,,
,,,,,,,,,,,,,,,,,,,,,,,,,,,,,,,,,,,,,,,,,,,,,,,,,,,,,,,,,,,,,,,,,,,,,
Last Updated Date,2025-07-01,,,,,,,,,,,,,,,,,,,,,,,,,,,,,,,,,,,,,,,,,,,,,,,,,,,,,,,,,,,,,,,,,,,,
,,,,,,,,,,,,,,,,,,,,,,,,,,,,,,,,,,,,,,,,,,,,,,,,,,,,,,,,,,,,,,,,,,,,,
Country Name,Country Code,Indicator Name,Indicator Code,1960,1961,1962,1963,1964,1965,1966,1967,1968,1969,1970,1971,1972,1973,1974,1975,1976,1977,1978,1979,1980,1981,1982,1983,1984,1985,1986,1987,1988,1989,1990,1991,1992,1993,1994,1995,1996,1997,1998,1999,2000,2001,2002,2003,2004,2005,2006,2007,2008,2009,2010,2011,2012,2013,2014,2015,2016,2017,2018,2019,2020,2021,2022,2023,2024,
Aruba,ABW,"Mortality rate, neonatal (per 1,000 live births)",SH.DYN.NMRT,,,,,,,,,,,,,,,,,,,,,,,,,,,,,,,,,,,,,,,,,,,,,,,,,,,,,,,,,,,,,,,,,,
Africa Eastern and Southern,AFE,"Mortality rate, neonatal (per 1,000 live births)",SH.DYN.NMRT,,,,,,,,,,,,,,,,,,,,,,,,,,,,,,,42.7778249751718,42.3799119768288,41.9972767511817,41.4126443389985,41.0444062188778,40.3271538790382,39.7773379716578,39.201431758,38.5798024851979,37.7935629856437,37.0673485731228,36.2595559732382,35.4535598221324,34.5940163244466,33.8096059847239,33.0697144578381,32.3654736972128,31.7120929392503,31.0483535549943,30.4359169473524,29.8387700537018,29.3370704960669,28.6299351524514,28.0873262149617,27.6541000529889,27.2305882713108,26.803541954192,26.4021138818862,25.9147618129968,25.4560935262784,25.0281979623143,24.5525409224736,24.1276608641592,23.6328980018485,,
Afghanistan,AFG,"Mortality rate, neonatal (per 1,000 live births)",SH.DYN.NMRT,,,,,,,,,,,,,,,,,,,,,,,,,,,,80.9,79,77,75.5,74,72.5,71,69.6,68.2,67,65.7,64.5,63.4,62.2,61,59.7,58.3,57,55.5,54,52.6,51.1,49.6,48.2,46.8,45.5,44.2,42.9,41.8,40.8,39.7,38.7,37.8,36.9,36,35.2,34.3,,
Africa Western and Central,AFW,"Mortality rate, neonatal (per 1,000 live births)",SH.DYN.NMRT,,,,,,,,,,,,,,,,,,,,,,,,,,,,,,,49.2489183540431,48.8718322461192,48.5971380346075,48.2820662850968,47.9373335540085,47.5005271129436,47.0019375407304,46.3287381145454,45.5277509316,44.5967605424469,43.6011033318202,42.6128804933355,41.5608899277398,40.5474442140962,39.5870650584133,38.7440765070317,37.9363501756151,37.2761361897681,36.6953319544598,36.2009858920939,35.6539521000422,35.2140492404502,34.8472916465643,34.4977038908929,34.2346636934732,33.8887699139752,33.5787042318526,33.2595543069839,32.8190624153172,32.3595413644806,31.8699646966318,31.385970607479,30.8842712992364,30.2835371722542,,
Angola,AGO,"Mortality rate, neonatal (per 1,000 live births)",SH.DYN.NMRT,,,,,,,,,,,,,,,,,,,,,,,,,,,,,,53.6,53.4,53.4,53.4,53.4,53.2,53,52.6,52.2,51.5,50.8,49.9,48.9,47.7,46.3,44.8,43.3,41.7,40.3,38.9,37.5,36.2,35,33.8,32.7,31.7,30.7,29.8,29.1,28.4,27.9,27.3,26.6,26.1,25.6,,
Albania,ALB,"Mortality rate, neonatal (per 1,000 live births)",SH.DYN.NMRT,,,,,,,,,,,,,,,,,,,,22.7,21.3,19.8,18.5,17.2,16.1,15.3,14.6,14,13.5,13,12.6,12.5,12.4,12.4,12.3,12.4,12.5,12.4,12.4,12.3,12.1,11.8,11.5,11.2,10.9,10.5,10,9.3,8.3,7.4,6.7,6.3,6.1,5.9,5.9,6,6.3,6.7,7,7.1,7.2,7.1,7,6.9,,
Andorra,AND,"Mortality rate, neonatal (per 1,000 live births)",SH.DYN.NMRT,,,,,,,,,,,,,,,,,,,,,,,,,,,,,,6.8,6.4,6,5.7,5.3,5,4.7,4.4,4.2,4,3.8,3.5,3.3,3.1,3,2.8,2.7,2.6,2.5,2.4,2.3,2.2,2.1,2,2,1.9,1.8,1.7,1.6,1.6,1.5,1.4,1.4,1.3,1.3,,
Arab World,ARB,"Mortality rate, neonatal (per 1,000 live births)",SH.DYN.NMRT,,,,,,,,,,,,,,,,,,,,,,,,,,,,,,,32.0289220997139,31.5276789254972,30.6987195653466,29.8193929288961,29.1837441416038,28.6135887070271,28.0227337679499,27.4725120704862,26.8848808203137,26.3252339501942,25.7800847572447,25.226227379725,24.7110618330542,24.1832030899159,23.6858567487148,23.0892703113437,22.4420305836569,21.7358852750223,21.0585835967672,20.4563166563054,19.9151393979763,19.5142702323784,18.8021256396022,18.284208877313,17.8537320945426,17.5053689486775,17.2050997251358,16.99241315532,16.8917078310241,16.7443987128469,16.4790281538924,16.2781981207026,16.0135780811538,15.5401263499498,,
United Arab Emirates,ARE,"Mortality rate, neonatal (per 1,000 live births)",SH.DYN.NMRT,,,,,,,,,,,,,,,,,,,16.5,15.6,14.3,13,11.9,11,10.2,9.6,9.1,8.7,8.4,8.1,7.9,7.6,7.3,7,6.7,6.4,6.2,6.1,6.1,6,5.9,5.7,5.6,5.6,5.5,5.4,5.3,5,4.6,4.1,3.6,3.4,3.6,3.9,4.1,4.2,4.1,3.9,3.6,3.3,3,2.8,2.6,2.5,,
Argentina,ARG,"Mortality rate, neonatal (per 1,000 live births)",SH.DYN.NMRT,,,,,,,,,,,24.8,24.4,23.9,23.6,23.4,23.3,23,22.4,21.4,20.3,19,17.6,16.3,15.5,15.9,16.8,17.2,16.9,16.2,15.5,15,14.8,14.6,14.5,14.1,13.5,12.6,11.6,11,10.9,11.1,11.1,10.7,10.1,9.6,9.2,8.8,8.4,8.1,7.8,7.6,7.5,7.4,7.3,7.1,6.8,6.5,6.3,6.1,6.1,6.1,5.9,5.5,5,,
Armenia,ARM,"Mortality rate, neonatal (per 1,000 live births)",SH.DYN.NMRT,,,,,,,,,,,,,,,,,,27.8,27.1,26.4,25.7,25.2,24.8,24.5,24.3,24.1,23.9,23.7,24.2,23.1,22.8,22.3,21.8,21.2,20.7,20,19.4,18.6,17.7,16.9,16.1,15.3,14.6,13.9,13.3,12.6,12,11.4,10.9,10.3,9.8,9.4,8.9,8.5,8.1,7.7,7.4,7,6.7,6.4,6.1,5.8,5.5,5.3,,
American Samoa,ASM,"Mortality rate, neonatal (per 1,000 live births)",SH.DYN.NMRT,,,,,,,,,,,,,,,,,,,,,,,,,,,,,,,,,,,,,,,,,,,,,,,,,,,,,,,,,,,,,,,,,,
Antigua and Barbuda,ATG,"Mortality rate, neonatal (per 1,000 live births)",SH.DYN.NMRT,,,,,,,,,,,,16.1,15,14.1,13.3,12.6,11.9,11.1,10.3,9.5,8.8,8.2,7.7,7.3,7.1,7.1,7.2,7.4,7.7,8,8.4,8.9,9.4,9.8,10.3,10.6,10.8,11,11,10.9,10.9,10.7,10.6,10.3,9.9,9.5,9.1,8.6,8.2,7.8,7.5,7.2,7,6.8,6.7,6.5,6.4,6.2,6.1,6,5.8,5.7,5.5,5.4,,
Australia,AUS,"Mortality rate, neonatal (per 1,000 live births)",SH.DYN.NMRT,,,,,,,,,12.9,12.8,12.6,12.4,12.1,11.6,11.1,10.4,9.6,8.9,8.2,7.6,7.1,6.7,6.4,6.1,5.9,5.7,5.5,5.3,5.1,4.9,4.6,4.4,4.2,4,3.9,3.7,3.7,3.6,3.6,3.5,3.5,3.5,3.4,3.4,3.3,3.3,3.2,3.1,3,2.9,2.8,2.6,2.5,2.4,2.4,2.3,2.3,2.3,2.3,2.4,2.4,2.4,2.3,2.3,,
Austria,AUT,"Mortality rate, neonatal (per 1,000 live births)",SH.DYN.NMRT,23.6,22.7,22,21.3,20.7,20.1,19.6,19.3,19,18.8,18.9,18.8,18.5,17.7,16.5,14.9,13.3,11.8,10.5,9.6,8.9,8.4,7.9,7.5,7,6.6,6.1,5.6,5.2,4.9,4.6,4.4,4.2,4,3.7,3.5,3.4,3.3,3.2,3.1,3.1,3.1,3,3,2.9,2.8,2.8,2.7,2.6,2.6,2.5,2.4,2.4,2.4,2.3,2.3,2.2,2.2,2.2,2.2,2.2,2.1,2.1,2,,
Azerbaijan,AZE,"Mortality rate, neonatal (per 1,000 live births)",SH.DYN.NMRT,,,,,,,,,,,,,,,,,,,,,,,,29.9,29.4,28.7,28.3,28.1,28.3,29,30.1,31.5,33,34.4,35.6,36.4,36.8,36.8,36.4,35.5,34.4,33,31.6,30,28.5,27.1,25.8,24.6,23.4,22.3,21.3,20.1,18.8,17.7,16.8,16,15.3,14.8,14.4,14.1,13.8,13.5,13.2,12.8,,
Burundi,BDI,"Mortality rate, neonatal (per 1,000 live births)",SH.DYN.NMRT,,,,,49.7,49.9,50,49.9,49.9,50,49.9,49.7,50.7,49.3,49.1,48.8,48.4,47.9,47.3,46.5,45.6,44.7,43.6,42.5,41.5,40.7,40.1,39.7,39.5,39.4,39.3,39.3,39.3,39.5,39,38.8,38.5,38.1,37.6,37.1,36.6,36,35.4,34.7,33.9,33,32.1,31.1,30.1,29.1,28,27.1,26.1,25.3,24.4,23.7,23,22.4,21.9,21.4,20.9,20.5,20.1,19.6,,
Belgium,BEL,"Mortality rate, neonatal (per 1,000 live births)",SH.DYN.NMRT,20,18.8,17.8,17.2,16.8,16.5,16.3,15.9,15.3,14.6,14,13.5,13.1,12.6,12.1,11.4,10.5,9.6,8.8,8.1,7.6,7.2,6.8,6.4,6,5.7,5.5,5.3,5,4.8,4.6,4.4,4.2,4.1,3.9,3.8,3.7,3.5,3.3,3.1,3,2.9,2.8,2.7,2.7,2.6,2.6,2.5,2.4,2.4,2.3,2.3,2.3,2.3,2.3,2.3,2.3,2.3,2.3,2.3,2.3,2.2,2.2,2.1,,
Benin,BEN,"Mortality rate, neonatal (per 1,000 live births)",SH.DYN.NMRT,64.3,64,63.5,63,62.4,61.8,61.1,60.4,59.8,59.2,58.5,57.8,57.1,56.4,55.7,55,54.3,53.6,52.9,52.1,51.5,50.7,50.1,49.4,48.8,48.3,47.7,47.1,46.4,45.7,45,44.2,43.5,42.9,42.3,41.7,41.2,40.7,40.1,39.5,38.8,38.1,37.4,36.7,36.1,35.6,35.2,34.8,34.5,34.1,33.8,33.4,33,32.6,32.1,31.7,31.3,30.9,30.5,30,29.5,29,28.5,28,,
Burkina Faso,BFA,"Mortality rate, neonatal (per 1,000 live births)",SH.DYN.NMRT,,,,,,,,,,71.1,71.3,71.5,71.5,71.1,70.2,68.8,67,65.1,63.2,61.4,59.9,58.6,57.4,56.1,54.6,52.9,51,49.2,47.7,46.5,45.6,45,44.6,44.2,43.8,43.3,42.9,42.4,41.9,41.2,40.4,39.7,38.9,38,37,35.8,34.7,33.6,32.6,31.8,31.1,30.5,29.9,29.4,28.8,28.3,27.9,27.4,26.8,26.3,25.9,25.4,24.9,24.5,,
Bangladesh,BGD,"Mortality rate, neonatal (per 1,000 live births)",SH.DYN.NMRT,102.5,100.6,98.8,97.1,95.5,94.1,93.2,92.6,92.6,92.8,93.9,95.9,93.9,94.3,94.6,94.6,94.2,93.5,92.4,90.9,89,86.9,84.5,81.9,79.3,76.9,74.6,72.3,70,67.7,65.5,63.2,60.8,58.5,56.1,53.8,51.5,49.4,47.3,45.3,43.2,41.2,39.4,37.8,36.3,34.9,33.6,32.3,31.1,30,28.8,27.8,26.7,25.7,24.7,23.6,22.5,21.3,20.2,19.3,18.7,18.3,18,17.9,,
Bulgaria,BGR,"Mortality rate, neonatal (per 1,000 live births)",SH.DYN.NMRT,,,,,14.8,14.5,14.4,14.3,14,13.7,13.5,13.3,13.5,13.7,13.8,13.3,12.5,11.7,11.2,10.8,10.5,10.1,9.7,9.2,8.8,8.4,8.1,7.8,7.6,7.6,7.9,8.4,8.7,8.7,8.6,8.4,8.4,8.3,8.3,8.1,7.9,7.6,7.2,6.8,6.4,6,5.6,5.3,5.2,5.2,5.1,4.9,4.7,4.5,4.3,4.1,3.9,3.7,3.4,3.2,3,2.8,2.7,2.6,,
Bahrain,BHR,"Mortality rate, neonatal (per 1,000 live births)",SH.DYN.NMRT,,,,,,,,,,,,30.5,28.5,26.6,25,23.6,22.4,21.5,20.8,19.9,19.1,18.5,18,17.7,17.4,17.1,16.7,16.4,16.2,15.8,15.4,14.7,13.7,12.5,11.1,9.7,8.3,7.2,6.2,5.5,5,4.6,4.3,4,3.8,3.6,3.4,3.3,3.2,3.2,3.2,3.2,3.2,3.2,3.3,3.4,3.5,3.6,3.8,4,4.1,4.2,4.3,4.4,,
"Bahamas, The",BHS,"Mortality rate, neonatal (per 1,000 live births)",SH.DYN.NMRT,,,,,,,,,,20.9,21,21,21.2,21.5,21.7,21.7,21.5,20.9,20.1,19.3,18.5,17.8,17.4,17.1,16.9,16.7,16.4,15.8,15.2,14.4,13.5,12.6,11.7,10.9,10.1,9.4,8.8,8.3,7.9,7.8,7.9,8,8.2,8.4,8.6,8.7,8.7,8.7,8.6,8.4,8.3,8.2,8.1,8.2,8.4,8.6,8.9,9.2,9.4,9.7,9.5,9.5,9.3,9.2,,
Bosnia and Herzegovina,BIH,"Mortality rate, neonatal (per 1,000 live births)",SH.DYN.NMRT,,,,,,,,,,,,,,,,,,,,,,,,,,15.5,14.1,13,12.1,11.6,11.3,11,11.3,10.9,9.6,9.2,8.6,8.1,7.5,7,6.6,6.2,5.9,5.6,5.4,5.2,5.1,5,5,5,4.9,4.9,4.9,4.9,4.9,4.9,4.8,4.8,4.7,4.7,4.7,4.7,4.6,4.5,,
Belarus,BLR,"Mortality rate, neonatal (per 1,000 live births)",SH.DYN.NMRT,,,,,,,,,,,,,,,,,,,,,,,,,,,,,,10.3,10,9.9,9.8,9.8,9.7,9.4,9.1,8.4,7.5,6.3,5.2,4.4,3.9,3.6,3.4,3.2,2.9,2.6,2.2,2,1.8,1.7,1.7,1.7,1.6,1.6,1.5,1.4,1.2,1.1,1,0.9,0.8,0.8,,
Belize,BLZ,"Mortality rate, neonatal (per 1,000 live births)",SH.DYN.NMRT,,,,,,,,,35.9,35.1,34.3,33.5,32.9,32.1,31.4,30.8,30.2,29.5,28.7,27.9,27,26.1,25.2,24.3,23.5,22.7,21.8,21,20.3,19.5,18.7,18,17,16.1,15.3,14.6,14,13.5,13,12.5,12.1,11.7,11.3,10.9,10.5,10.1,9.7,9.6,9.7,10,10.4,10.8,11,10.9,10.8,10.5,10.2,9.9,9.7,9.6,9.5,9.4,9.4,9.3,,
Bermuda,BMU,"Mortality rate, neonatal (per 1,000 live births)",SH.DYN.NMRT,,,,,,,,,,,,,,,,,,,,,,,,,,,,,,,,,,,,,,,,,,,,,,,,,,,,,,,,,,,,,,,,,,
Bolivia,BOL,"Mortality rate, neonatal (per 1,000 live births)",SH.DYN.NMRT,,,,,,,70.9,69.1,67.2,65.1,63.3,61.7,60.3,59,57.8,56.5,55.1,53.8,52.5,51.3,50.2,49.3,48.6,47.9,47.1,46.1,45,44,43,42,41,39.9,38.9,38,37,35.9,34.7,33.4,32,30.8,29.7,28.7,28,27.4,26.9,26.3,25.6,24.8,23.9,22.9,21.9,21,20,19,17.9,16.9,16.2,15.4,14.8,14.2,13.7,13.2,12.7,12.2,,
Brazil,BRA,"Mortality rate, neonatal (per 1,000 live births)",SH.DYN.NMRT,,,,49.5,49.2,48.9,48.7,48.4,48,47.5,46.8,45.9,45,43.9,42.6,41.3,39.9,38.6,37.3,36.1,35,34,32.9,31.9,30.9,29.9,29,28,27.1,26.2,25.3,24.3,23.5,22.6,21.9,21.3,20.7,20.2,19.6,19,18.1,17.2,16.3,15.4,14.6,13.9,13.2,12.6,12,11.5,11.1,10.7,10.3,10,9.7,9.5,10,9.2,9.1,9.2,9.2,8.9,8.3,7.6,,
Barbados,BRB,"Mortality rate, neonatal (per 1,000 live births)",SH.DYN.NMRT,,,,,,,,,31.1,29.7,28.3,27.1,26,25,24.1,23,21.7,20.4,19.2,18.1,17.2,16.4,15.8,15.3,15,14.7,14.3,13.9,13.2,12.5,11.8,11.1,10.5,10.1,9.7,9.4,9.2,9.1,9,8.9,9,9.1,9.2,9.4,9.6,9.8,9.9,9.9,9.8,9.7,9.6,9.4,9.3,9.1,8.9,8.7,8.5,8.3,8,7.8,7.6,7.3,7.1,6.9,,
Brunei Darussalam,BRN,"Mortality rate, neonatal (per 1,000 live births)",SH.DYN.NMRT,,,,,,,,,,,,,,,,,,,,,,,,,,,,,,6.1,6,5.9,5.8,5.7,5.6,5.4,5.3,5.1,5,5,5,5,5,5.1,5,5,4.9,4.9,4.9,4.9,4.9,4.9,4.9,4.9,4.9,5,5.1,5.2,5.2,5.2,5.2,5.1,5,4.9,,
Bhutan,BTN,"Mortality rate, neonatal (per 1,000 live births)",SH.DYN.NMRT,,,,,,,,,,,,,,,,,,,,,,,,,,,,,,43.2,42.4,41.5,40.5,39.5,38.5,37.5,36.4,35.3,34.2,33.1,32.1,31.1,30.1,29.1,28,26.9,25.9,24.8,23.7,22.6,21.7,20.7,19.7,18.7,17.8,17.1,16.3,15.7,15.2,14.6,14.1,13.6,13.2,12.7,,
Botswana,BWA,"Mortality rate, neonatal (per 1,000 live births)",SH.DYN.NMRT,,,,,,40.3,39.4,38.2,37.1,36.1,35.3,34.6,34,33.5,32.9,32.3,31.9,31.6,31.3,31.1,30.8,30.6,30.4,30,29.3,28.4,27.2,25.9,24.5,23,21,19.1,17.3,15.7,14.3,13,11.9,11.2,10.7,10.6,11,11.8,13.1,14.6,16.4,18.2,20.1,21.3,22.2,22.9,23.3,23.5,23.7,23.7,23.6,23.5,23.4,23.1,22.7,22.4,22.1,21.6,21.2,20.9,,
Central African Republic,CAF,"Mortality rate, neonatal (per 1,000 live births)",SH.DYN.NMRT,,,,,,,,,,,,58.1,57.5,56.9,56.3,55.8,55.2,54.7,54.2,53.7,53.3,53,52.8,52.7,52.7,52.7,52.6,52.2,51.8,51.3,50.6,50,49.3,48.5,47.8,47.1,46.3,45.4,44.5,43.7,43,42.3,41.7,41,40.3,39.6,38.9,38.1,37.5,42.7,36.5,35.6,35.2,35.1,35.6,34.2,34.1,34.3,33.4,35,32.6,33,36.2,30.7,,
Canada,CAN,"Mortality rate, neonatal (per 1,000 live births)",SH.DYN.NMRT,,,,,,,,,,13.9,13.2,12.5,11.7,10.9,10.1,9.3,8.7,8.3,7.8,7.3,6.8,6.3,5.9,5.6,5.4,5.2,4.9,4.7,4.6,4.5,4.4,4.3,4.2,4.1,4.1,4,4,3.9,3.8,3.7,3.8,3.8,3.9,3.9,3.9,3.9,3.9,3.8,3.8,3.8,3.7,3.7,3.7,3.6,3.6,3.5,3.5,3.5,3.4,3.4,3.4,3.4,3.4,3.4,,
Central Europe and the Baltics,CEB,"Mortality rate, neonatal (per 1,000 live births)",SH.DYN.NMRT,,,,,,,,,,,,,,,,,,,,,,,,,,,,,,,10.9772903443615,10.6038300701771,10.3628256180339,10.0762509497782,9.79329361879661,9.30542828865269,8.71015205082538,8.1143611566157,7.55097519984911,7.00153191619315,6.54933667960818,6.17465167152463,5.92183921603122,5.73065636957713,5.47418187095054,5.16596263875377,4.81591562601925,4.47595739029283,4.22017818219592,3.99713505310551,3.78578883639719,3.60326674261036,3.44368885375253,3.31254295346712,3.20313574592071,3.04838884697963,2.88724176339825,2.80238832540117,2.70659139875797,2.61936227638173,2.56414198067036,2.52678368839027,2.48152945776241,2.44091606433782,,
Switzerland,CHE,"Mortality rate, neonatal (per 1,000 live births)",SH.DYN.NMRT,16.3,16,15.5,15,14.5,14.1,13.7,13.1,12.3,11.5,10.7,10,9.3,8.8,8.2,7.7,7.1,6.6,6.2,5.9,5.5,5.2,5,4.7,4.5,4.4,4.3,4.2,4.1,4,3.9,3.8,3.6,3.6,3.5,3.4,3.4,3.4,3.4,3.5,3.5,3.4,3.4,3.4,3.3,3.3,3.3,3.2,3.2,3.2,3.2,3.1,3.1,3,3,3,2.9,2.9,2.9,2.8,2.8,2.8,2.8,2.8,,
Channel Islands,CHI,"Mortality rate, neonatal (per 1,000 live births)",SH.DYN.NMRT,,,,,,,,,,,,,,,,,,,,,,,,,,,,,,,,,,,,,,,,,,,,,,,,,,,,,,,,,,,,,,,,,,
Chile,CHL,"Mortality rate, neonatal (per 1,000 live births)",SH.DYN.NMRT,,,,,,,,,34.1,30.9,29.5,29.3,28.9,27.6,26,24.4,22.8,21.3,19.7,18,15.7,13.6,11.9,10.6,9.8,9.5,9.5,9.5,9.4,9.1,8.6,8,7.4,7,6.7,6.5,6.4,6.3,6.2,6.1,5.8,5.4,5.3,5.3,5.4,5.5,5.5,5.4,5.3,5.3,5.3,5.3,5.3,5.2,5.1,5.2,5.3,5.3,5,4.7,4.5,4.5,4.5,4.6,,
China,CHN,"Mortality rate, neonatal (per 1,000 live births)",SH.DYN.NMRT,,,,,,,,,,,,,,,,,,,,,,,,,,,,,,29.7,29.7,29.5,29.1,28.5,27.7,26.8,25.7,24.6,23.5,22.5,21.4,19.9,18.4,16.9,15.3,13.9,12.5,11.3,10.2,9.2,8.4,7.6,7,6.4,5.8,5.3,4.9,4.4,4.1,3.8,3.5,3.2,3,2.8,,
Cote d'Ivoire,CIV,"Mortality rate, neonatal (per 1,000 live births)",SH.DYN.NMRT,90.7,89,87.4,85.9,84.7,83.6,82.3,81.2,79.9,78.5,76.9,75.1,73,70.6,68,65.5,63.1,60.9,59,57.4,56,54.8,53.8,52.9,52,51.3,50.5,49.7,48.9,48.1,47.5,46.9,46.4,45.9,45.3,44.6,43.8,42.9,42.1,41.4,40.8,40.3,39.9,39.4,38.9,38.4,37.9,37.3,36.8,36.2,35.5,34.9,34.3,33.6,33.1,32.5,32,31.4,30.9,30.3,29.7,29.2,28.7,28.2,,
Cameroon,CMR,"Mortality rate, neonatal (per 1,000 live births)",SH.DYN.NMRT,72.8,71.3,70.1,69.2,68.2,67.2,66,64.5,62.7,60.9,59.1,57.5,56.2,55.3,54.7,54.2,53.9,53.4,52.9,52.3,51.4,50.4,49.2,47.9,46.5,44.9,43.4,42.2,41.3,40.6,40.3,40.1,40,39.8,39.6,39.2,38.8,38.2,37.4,36.5,35.6,34.8,34.2,33.9,33.6,33.4,33.1,32.8,32.5,32.2,31.8,31.5,31.1,30.7,30.2,29.7,29.1,28.5,27.9,27.3,26.8,26.2,25.7,25.2,,
"Congo, Dem. Rep.",COD,"Mortality rate, neonatal (per 1,000 live births)",SH.DYN.NMRT,,,,,,,,,,,,,,,,,,,,,,,,,44.1,43.7,43.3,42.9,42.4,42,41.6,41.2,40.9,40.6,40.3,40,39.7,39.3,39,38.7,38.3,37.9,37.6,37.1,36.6,36,35.2,34.4,33.7,33,32.3,31.7,31.1,30.5,30,29.5,28.9,28.4,28,27.4,26.9,26.4,25.9,25.3,,
"Congo, Rep.",COG,"Mortality rate, neonatal (per 1,000 live births)",SH.DYN.NMRT,,,,,,,,,,,,,,,,,,,,,,,29.6,29.3,28.9,28.5,28.1,27.9,27.7,27.6,27.7,27.8,28.2,28.6,29.1,29.6,30.1,30.6,30.9,30.9,30.7,30.2,29.4,28.6,27.6,26.5,25.5,24.6,23.8,23.1,22.6,22.2,21.9,21.5,21.1,20.7,20.3,19.9,19.5,19.2,18.8,18.4,18,17.7,,
Colombia,COL,"Mortality rate, neonatal (per 1,000 live births)",SH.DYN.NMRT,39.2,38.2,37.2,36.2,35.2,34.2,33.3,32.5,31.9,31.4,30.8,30.3,29.7,29.1,28.3,27.6,26.8,26,25.2,24.3,23.6,22.8,22.1,21.5,20.9,20.4,19.8,19.4,19,18.6,18.1,17.6,17.2,16.7,16.3,15.8,15.4,14.9,14.4,14,13.5,13.1,12.7,12.4,12,11.7,11.4,11,10.7,10.4,10,9.7,9.4,9.1,8.8,8.5,8.2,8,7.7,7.5,7.2,7,6.8,6.5,,
Comoros,COM,"Mortality rate, neonatal (per 1,000 live births)",SH.DYN.NMRT,,,,,,,,,,,,,,80.5,79.7,79.3,79,78.2,77,75.3,73.3,71.1,68.8,66.2,63.6,61.1,58.5,55.9,53.5,51.1,48.9,46.7,44.6,42.7,41.1,39.7,38.4,37.2,36.2,35.4,34.7,33.9,33.2,32.7,32.1,31.5,30.9,30.4,29.8,29.3,28.8,28.2,27.6,27.1,26.6,26.1,25.7,25.3,24.8,24.4,23.9,23.5,23,22.5,,
Cabo Verde,CPV,"Mortality rate, neonatal (per 1,000 live births)",SH.DYN.NMRT,,,,,,,,,,,,,,,,22,21.4,20.9,20.5,20.2,20,19.9,20,20,20,19.9,19.7,19.4,19,18.7,18.5,18.4,18.3,18.3,18.4,18.6,18.9,19.1,19,18.7,17.9,16.9,16.3,16.1,16.2,16.4,16.7,16.9,16.9,16.7,16.3,15.8,15,14.2,13.3,12.3,11.5,10.7,10.1,9.6,9.3,8.9,8.6,8.3,,
Costa Rica,CRI,"Mortality rate, neonatal (per 1,000 live births)",SH.DYN.NMRT,30.4,30.1,30.2,30.5,30.6,30.5,30.2,29.6,28.7,27.5,26.1,24.3,22.3,20.4,18.7,17.3,16.1,14.7,13.2,12.2,11.6,11.3,11.2,11.2,11,10.7,10.4,10,9.7,9.3,8.9,8.8,8.8,8.8,8.7,8.6,8.3,8.1,7.9,7.8,7.6,7.5,7.3,7.2,7.1,7.1,7,6.9,6.8,6.7,6.6,6.5,6.4,6.3,6.3,6.2,6.1,6.1,6.2,6.2,6.4,6.6,6.9,7.2,,
Caribbean small states,CSS,"Mortality rate, neonatal (per 1,000 live births)",SH.DYN.NMRT,,,,,,,,,,,,,,,,,,,,,,,,,,,,,,,21.2368445161853,20.8849071958085,20.4771541484175,20.1760569530792,19.8983447114935,19.5844416234621,19.3029161985528,18.93939290295,18.6464593009501,18.2843168613732,17.9617179710474,17.6749112805073,17.4552028636477,17.2067745835572,16.9779362393209,16.740075624726,16.5156022447304,16.2508321283387,16.0161601024481,15.7790566706665,15.6331036963258,15.4513498852493,15.2155965344125,14.9731896851324,14.7094388785932,14.4568658081768,14.1714346809603,13.8381043367495,13.5108143236849,13.3258047677049,12.969099062978,12.6866640434644,12.3188160804629,11.9736047645159,,
Cuba,CUB,"Mortality rate, neonatal (per 1,000 live births)",SH.DYN.NMRT,,,,,,,,,22.7,21.7,20.6,20.1,20.1,19.8,18.6,17.1,16.1,16,16.1,15.6,14.6,13.3,11.8,10.5,9.6,9.1,8.7,8.3,7.8,7.3,6.8,6.6,6.4,6.3,6,5.5,5.1,4.7,4.4,4.2,4.1,4,3.9,3.7,3.5,3.3,3.1,3.1,3,2.9,2.8,2.7,2.7,2.6,2.6,2.6,2.6,2.7,2.9,3.2,3.5,3.8,4,4.2,,
Curacao,CUW,"Mortality rate, neonatal (per 1,000 live births)",SH.DYN.NMRT,,,,,,,,,,,,,,,,,,,,,,,,,,,,,,,,,,,,,,,,,,,,,,,,,,,,,,,,,,,,,,,,,,
Cayman Islands,CYM,"Mortality rate, neonatal (per 1,000 live births)",SH.DYN.NMRT,,,,,,,,,,,,,,,,,,,,,,,,,,,,,,,,,,,,,,,,,,,,,,,,,,,,,,,,,,,,,,,,,,
Cyprus,CYP,"Mortality rate, neonatal (per 1,000 live births)",SH.DYN.NMRT,,,,,,,,,,,,,,,,,,,,,,,,,,,,,,6.2,6.1,6,5.9,5.6,5.3,5,4.7,4.4,4.2,3.9,3.7,3.4,3.2,3,2.8,2.6,2.4,2.2,2.1,2,1.9,1.8,1.8,1.7,1.7,1.7,1.7,1.7,1.7,1.8,1.8,1.9,1.9,1.9,,
Czechia,CZE,"Mortality rate, neonatal (per 1,000 live births)",SH.DYN.NMRT,,,,,,,,,,,,,,,,,,,,,,,10.5,9.9,9.3,8.8,8.4,8,7.8,7.5,7.2,6.8,6.3,5.7,5.1,4.5,4,3.6,3.2,2.9,2.7,2.5,2.4,2.4,2.3,2.2,2.1,2,1.9,1.8,1.7,1.6,1.6,1.6,1.6,1.6,1.6,1.6,1.6,1.6,1.5,1.4,1.4,1.3,,
Germany,DEU,"Mortality rate, neonatal (per 1,000 live births)",SH.DYN.NMRT,,,,,,,,,,14.4,14.1,13.9,13.4,12.5,11.5,10.4,9.3,8.3,7.1,6.2,5.5,4.9,4.6,4.3,4,3.7,3.4,3.3,3.2,3.3,3.4,3.5,3.4,3.3,3.2,3.1,3,2.9,2.9,2.8,2.8,2.7,2.7,2.7,2.6,2.6,2.6,2.5,2.4,2.4,2.3,2.3,2.3,2.3,2.3,2.3,2.3,2.3,2.3,2.3,2.3,2.3,2.3,2.3,,
Djibouti,DJI,"Mortality rate, neonatal (per 1,000 live births)",SH.DYN.NMRT,,,,,,,,,,,,,,,,,,,,57.4,56.5,55.7,54.9,54,53.1,52.2,51.3,50.5,49.7,49.1,48.5,48.1,47.7,47.4,46.9,46.5,45.9,45.2,44.6,43.9,43.2,42.7,42.1,41.5,40.9,40.4,39.8,39.2,38.6,38,37.3,36.6,35.9,35.2,34.5,33.8,33.1,32.3,31.6,30.9,30.1,29.5,28.8,28.2,,
Dominica,DMA,"Mortality rate, neonatal (per 1,000 live births)",SH.DYN.NMRT,,,,,,,,,,19.4,18.5,17.6,17,16.5,16.2,16.1,15.7,15.3,15,14.5,14.1,13.7,13.3,12.9,12.6,12.2,11.8,11.5,11.2,11,10.7,10.6,10.5,10.5,10.6,10.8,11,11.4,11.8,12.2,12.6,13,13.5,14.1,14.7,15.3,16,16.8,17.7,18.6,19.7,20.8,21.9,23.1,24.2,25.4,26.5,27.4,28.3,29,29.6,30.1,30.5,30.8,,
Denmark,DNK,"Mortality rate, neonatal (per 1,000 live births)",SH.DYN.NMRT,16.2,15.9,15.5,15,14.4,13.9,13.4,12.9,12.3,11.6,10.9,10.3,9.7,9,8.3,7.7,6.9,6.3,5.9,5.6,5.3,5.1,4.9,4.8,4.8,4.8,4.8,4.7,4.7,4.5,4.4,4.2,4.1,4,3.9,3.9,3.9,3.8,3.8,3.6,3.5,3.3,3.2,3.2,3.1,3.1,3,2.9,2.8,2.8,2.8,3,3.1,3.1,3.1,3.1,3,2.8,2.7,2.5,2.3,2.1,1.9,1.8,,
Dominican Republic,DOM,"Mortality rate, neonatal (per 1,000 live births)",SH.DYN.NMRT,,,,40.8,40.7,40.5,40.4,40.4,40.3,40.3,40.2,40.1,40,39.7,39.3,38.9,38.2,37.4,36.4,35.1,33.7,32.5,31.2,30,29,28,27.2,26.5,25.8,25.1,24.4,23.8,23.4,23.1,22.9,22.8,22.8,22.9,23,23.1,23,23,22.9,22.9,23,23.1,23.3,23.5,23.7,23.8,24,24.1,24.2,24.2,24.3,24.3,24.4,24.3,24.1,23.8,23.4,22.9,22.3,21.7,,
Algeria,DZA,"Mortality rate, neonatal (per 1,000 live births)",SH.DYN.NMRT,,,,,,,,,,72.2,70.9,69,66.7,64.4,62,59.5,57,54.7,52.4,50,47.4,44.5,41.2,37.6,34.1,30.9,28.4,26.5,25.3,24.6,24.2,24.1,24,23.9,23.9,23.8,23.6,23.5,23.3,23,22.7,22.3,21.9,21.5,20.9,20.3,19.7,19.2,18.6,18.2,17.9,17.6,17.1,16.4,15.6,15.2,15,15.2,15.5,15.8,15.9,15.9,15.6,15.3,,
East Asia & Pacific (excluding high income),EAP,"Mortality rate, neonatal (per 1,000 live births)",SH.DYN.NMRT,,,,,,,,,,,,,,,,,,,,,,,,,,,,,,,29.0243314110993,28.5752030860063,28.0514439536955,27.4353037162266,26.6762163198478,26.0982313256474,25.1723378392228,24.2254911012337,23.2881852655835,22.4265096305591,21.4783227988393,20.3609753169628,19.2418665285102,17.9084400511877,16.7799005953543,15.7523960052064,14.7594114203796,13.8950529778464,13.0254906988528,12.1796343402127,11.5369276579303,10.8961521205534,10.2064907843438,9.75849032552627,9.16133908942447,8.86022857452206,8.37569964490025,7.92883305716911,7.97873119661815,7.76216251277997,7.92311959728962,7.88587557892555,7.87943775710875,7.73922417940063,,
Early-demographic dividend,EAR,"Mortality rate, neonatal (per 1,000 live births)",SH.DYN.NMRT,,,,,,,,,,,,,,,,,,,,,,,,,,,,,,,46.4766986199838,45.5252811868834,44.606405802267,43.6809766360044,42.8006277593278,41.8256119817828,40.8617322128047,39.8831857025286,38.8378957033158,37.7808830711402,36.7509786828393,35.6718542551018,34.5743959034344,33.4978489168487,32.4247177549765,31.4339294190282,30.5140876679937,29.6384210657185,28.7897712013023,27.9582229272073,27.1082191732947,26.2115457121417,25.3060878538032,24.4723247058756,23.6005335257558,22.9048187063977,22.2125064503925,21.5425343489307,20.9550410387283,20.2761699715434,19.6466981429221,19.0228110987276,18.4257180690229,17.8697098530202,,
East Asia & Pacific,EAS,"Mortality rate, neonatal (per 1,000 live births)",SH.DYN.NMRT,,,,,,,,,,,,,,,,,,,,,,,,,,,,,,,27.7,27.1,26.5,25.9,25.2,24.6,23.7,22.8,21.9,21,20.2,19.2,18.1,16.9,15.9,14.9,14,13.1,12.3,11.6,10.9,10.4,9.7,9.3,8.8,8.4,8,7.6,7.6,7.4,7.5,7.5,7.4,7.3,,
Europe & Central Asia (excluding high income),ECA,"Mortality rate, neonatal (per 1,000 live births)",SH.DYN.NMRT,,,,,,,,,,,,,,,,,,,,,,,,,,,,,,,25.2587538943615,25.0032247583921,24.7260267280621,24.5264375707931,24.1916693951057,23.81196865768,23.2082543417634,22.6275832256805,21.8915824384991,21.1407529919158,20.2514864969252,19.3081861818356,18.4040509253937,17.430028373239,16.6730360737171,15.8835083435083,15.0542306719767,14.3355486545736,13.4814142314215,12.617583961087,11.9088139371214,11.1786908492697,10.4821025452134,9.8963573717275,9.37224930364578,8.99794885686603,8.63321317962979,8.36854870090286,8.1829221053557,8.02243748873822,7.83657252864619,7.65849058049997,7.54619347723503,7.33328464736517,,
Europe & Central Asia,ECS,"Mortality rate, neonatal (per 1,000 live births)",SH.DYN.NMRT,,,,,,,,,,,,,,,,,,,,,,,,,,,,,,,13.9,13.7,13.5,13.4,13.1,12.8,12.3,11.8,11.4,10.9,10.3,9.8,9.3,8.8,8.5,8.1,7.7,7.3,6.9,6.5,6.2,6,5.8,5.6,5.4,5.1,4.9,4.8,4.7,4.6,4.5,4.3,4.2,4.2,,
Ecuador,ECU,"Mortality rate, neonatal (per 1,000 live births)",SH.DYN.NMRT,59.7,58.9,58.2,57.5,56.5,55.2,53.8,52.3,50.8,49.4,47.9,46.6,45.3,44,42.6,41.2,39.8,38.3,37.1,35.7,34.2,32.8,31.4,30,28.6,27.2,25.8,24.7,23.8,23,22.3,21.7,21.1,20.4,19.7,19,18.2,17.2,16.1,15.1,14.2,13.4,12.8,12.2,11.7,11.2,10.7,10.2,9.8,9.4,8.9,8.5,8.2,7.8,7.5,7.3,7.1,7,6.9,7,7.1,7.2,7.2,7.1,,
"Egypt, Arab Rep.",EGY,"Mortality rate, neonatal (per 1,000 live births)",SH.DYN.NMRT,66.5,65.4,64.3,63.2,62.3,61.5,61,60.7,60.6,60.5,60.5,60.4,60.3,59.8,59.1,58.2,57.2,56.1,54.8,53.4,52,50.4,48.7,46.7,44.6,42.3,40.1,38.1,36.2,34.7,33.2,31.9,30.6,29.4,28.1,27,26,25,24.1,23.3,22.5,21.7,21,20.3,19.7,19,18.2,17.4,16.6,15.9,15.2,14.5,13.9,13.3,12.8,12.3,11.8,11.4,11,10.6,10.2,9.9,9.6,9.3,,
Euro area,EMU,"Mortality rate, neonatal (per 1,000 live births)",SH.DYN.NMRT,,,,,,,,,,,,,,,,,,,,,,,,,,,,,,,4.82920318426845,4.69432217446804,4.50156166992067,4.28184845971288,4.09999199938593,3.90491616056436,3.72607872085737,3.54004035346494,3.39703526544579,3.27058587565596,3.15864915238417,3.06683361279501,2.97608757204704,2.86776494996223,2.75146831358116,2.65760443311511,2.59333751578571,2.50707832540599,2.45418657103669,2.40401216547809,2.34625539505419,2.33394672081656,2.31264139716738,2.28428119738591,2.30189750537204,2.2656161310393,2.28212605523839,2.26418238992733,2.27201762140723,2.24596997619241,2.23915087234433,2.21933442103903,2.2234225365051,2.1925169468065,,
Eritrea,ERI,"Mortality rate, neonatal (per 1,000 live births)",SH.DYN.NMRT,,,,,,,,,,,,,,,,,,45.5,44.8,44,43.1,42.2,41.4,42.2,41.6,40.9,40.2,38.1,37.2,36.2,35.1,34.2,33.2,32.3,31.4,30.5,29.7,28.9,28.2,27.9,27.1,26.6,26,25.6,25.1,24.7,24.2,23.7,23.1,22.5,22,21.5,21,20.5,20.1,19.7,19.3,18.9,18.5,18.1,17.8,17.4,17,16.4,,
Spain,ESP,"Mortality rate, neonatal (per 1,000 live births)",SH.DYN.NMRT,20.2,20.6,21,21.2,20.9,20.3,19.8,19.6,19.3,18.4,17.2,16.1,15,14,13.3,12.6,11.8,10.8,10,9.4,9,8.5,8,7.4,6.8,6.4,6,5.7,5.4,5.2,4.9,4.7,4.4,4.1,3.9,3.7,3.4,3.2,3,2.9,2.8,2.8,2.7,2.6,2.5,2.4,2.3,2.2,2.2,2.1,2.1,2.1,2.1,2,2,1.9,1.9,1.9,1.9,1.8,1.8,1.8,1.7,1.7,,
Estonia,EST,"Mortality rate, neonatal (per 1,000 live births)",SH.DYN.NMRT,,,,,,,,,,,,,,,,,,,,,,,,,,,,,10.4,10.1,9.9,9.7,9.7,9.5,9.1,8.5,7.8,7.1,6.4,5.8,5.3,4.9,4.4,4,3.7,3.3,3,2.8,2.5,2.3,2.1,1.9,1.8,1.6,1.5,1.4,1.3,1.3,1.2,1.2,1.1,1.1,1,1,,
Ethiopia,ETH,"Mortality rate, neonatal (per 1,000 live births)",SH.DYN.NMRT,,,,,,,,,,,,,,,,,,66.4,66.5,66.8,66.9,66.9,66.6,67.5,66.6,65.5,64.5,62.2,61.3,60.4,59.5,58.6,57.5,56.3,54.9,53.5,52.1,50.8,49.7,48.7,47.8,46.8,45.9,45,44.2,43.4,42.6,41.7,40.8,39.7,38.7,37.6,36.5,35.6,34.7,33.9,33,32.2,31.3,30.4,29.7,28.9,28.1,27.4,,
European Union,EUU,"Mortality rate, neonatal (per 1,000 live births)",SH.DYN.NMRT,,,,,,,,,,,,,,,,,,,,,,,,,,,,,,,6.40783666848528,6.15818624489413,5.88273746612654,5.63771477966527,5.4287023542607,5.11715985843243,4.82846179019286,4.53141890546462,4.28747905684187,4.05821626747448,3.86495706431087,3.70489701211849,3.57580936275686,3.44985331949271,3.30896085241408,3.18367014545011,3.05840902321571,2.92558227860981,2.83570353411174,2.75171014114076,2.65385952223989,2.59822899839674,2.55052148210009,2.49907705605816,2.49341796547388,2.43243711221313,2.4072159984888,2.3757761914837,2.35614006930946,2.31233336118973,2.28881962102582,2.26029397741293,2.25154933844231,2.22040011186725,,
Fragile and conflict affected situations,FCS,"Mortality rate, neonatal (per 1,000 live births)",SH.DYN.NMRT,,,,,,,,,,,,,,,,,,,,,,,,,,,,,,,45.4883989065093,45.2062076682121,44.9235732319229,44.5625654093555,44.1764296816503,43.6965437886018,43.1601451765144,42.5407573643558,41.8955057758227,41.1388919171566,40.3620091007822,39.5006814111462,38.6430838447393,37.829586699709,37.0625549684855,36.3144224945775,35.5272172553167,34.8295627355261,34.1490790568709,33.5244524179454,32.9310347947688,32.4231434745068,31.8720279765854,31.4346188163227,31.1286783907032,30.8559618477621,30.475477903568,30.1208823042041,29.6393798588228,29.1357714745643,28.6610583074507,28.1986947041545,27.7662247125126,27.1857030121931,,
Finland,FIN,"Mortality rate, neonatal (per 1,000 live births)",SH.DYN.NMRT,15.8,15.3,14.8,14.2,13.6,13,12.4,11.9,11.4,10.9,10.5,10,9.5,8.9,8.3,7.7,7.1,6.5,6,5.5,5.1,4.8,4.5,4.4,4.3,4.2,4.2,4.1,4,4,3.9,3.7,3.6,3.4,3.2,3.1,2.9,2.8,2.7,2.6,2.5,2.4,2.3,2.2,2.1,2.1,2,1.9,1.8,1.8,1.7,1.6,1.5,1.4,1.4,1.4,1.4,1.4,1.4,1.4,1.4,1.3,1.3,1.3,,
Fiji,FJI,"Mortality rate, neonatal (per 1,000 live births)",SH.DYN.NMRT,,,,,,,,,,,,,,,,,,,,,,,,,,,,,,13.7,13.2,12.6,12.1,11.7,11.3,10.9,10.6,10.4,10.1,10,10,10.2,10.5,11,11.4,11.7,11.5,10.9,10.1,9.4,8.8,8.4,8.2,8.1,8.2,8.5,9.2,10.2,11.3,12.6,13.7,14.4,14.8,14.9,,
France,FRA,"Mortality rate, neonatal (per 1,000 live births)",SH.DYN.NMRT,18.5,17.2,16.4,16.1,16,15.8,15.2,13.8,11.9,10,9.1,8.9,8.7,8.4,8.1,7.9,7.9,7.5,6.9,6.2,5.7,5.4,5.2,5,4.8,4.5,4.3,4.2,4,3.8,3.6,3.4,3.2,3.1,3.1,3.1,3.1,3,2.9,2.8,2.7,2.7,2.7,2.6,2.5,2.4,2.4,2.4,2.4,2.3,2.3,2.3,2.3,2.3,2.4,2.4,2.5,2.5,2.6,2.6,2.6,2.6,2.7,2.7,,
Faroe Islands,FRO,"Mortality rate, neonatal (per 1,000 live births)",SH.DYN.NMRT,,,,,,,,,,,,,,,,,,,,,,,,,,,,,,,,,,,,,,,,,,,,,,,,,,,,,,,,,,,,,,,,,,
"Micronesia, Fed. Sts.",FSM,"Mortality rate, neonatal (per 1,000 live births)",SH.DYN.NMRT,,,,,,,,,,,,,,,,,,,,,,,,,,,,,,24.4,23.9,23.6,23.2,22.9,22.6,22.2,21.9,21.5,21.1,20.7,20.3,19.9,19.6,19.3,19.1,19,18.9,18.8,18.6,18.3,18,17.6,17.1,16.6,16.1,15.6,15.2,14.6,14.2,13.7,13.3,12.9,12.5,12.1,,
Gabon,GAB,"Mortality rate, neonatal (per 1,000 live births)",SH.DYN.NMRT,,,,,,,,,,,,,,,,,,32.6,32.1,31.6,31.1,30.5,30,29.7,29.4,29.2,29,28.8,28.6,28.3,28,27.7,27.2,26.5,25.9,25.4,25.2,25.2,25.6,26.1,26.6,27,27.2,27.3,27.3,27,26.5,25.9,25.1,24.3,23.7,23.1,22.5,22.1,21.6,21.2,20.7,20.2,19.6,19,18.4,17.9,17.3,16.8,,
United Kingdom,GBR,"Mortality rate, neonatal (per 1,000 live births)",SH.DYN.NMRT,16.1,15.6,15.1,14.6,14.1,13.7,13.3,12.9,12.6,12.4,12.2,12,11.7,11.5,11.2,10.8,10.2,9.5,8.8,8.1,7.5,6.9,6.4,6,5.7,5.5,5.2,5,4.8,4.6,4.5,4.4,4.4,4.3,4.2,4.1,4,3.9,3.8,3.8,3.8,3.7,3.6,3.5,3.5,3.5,3.4,3.3,3.2,3.1,3,2.9,2.8,2.7,2.7,2.6,2.7,2.7,2.7,2.8,2.7,2.7,2.7,2.7,,
Georgia,GEO,"Mortality rate, neonatal (per 1,000 live births)",SH.DYN.NMRT,,,,,,,,,,,,,,,,,,28.3,27.7,27.1,26.6,26.2,25.7,25.2,24.9,24.6,24.4,24.4,24.4,24.6,24.8,24.9,24.9,24.9,24.8,24.6,24.4,24.2,23.8,23.4,22.6,21.5,20.2,18.8,17.3,15.8,14.4,13.1,12,11,10.1,9.3,8.6,8,7.3,6.7,6.2,5.8,5.6,5.4,5.4,5.4,5.4,5.3,,
Ghana,GHA,"Mortality rate, neonatal (per 1,000 live births)",SH.DYN.NMRT,,,,,,59.8,59.8,59.7,59.6,59.5,59.1,58.7,58,57.3,56.4,55.4,54.4,53.4,52.6,51.8,51.2,50.6,49.9,49.1,48.3,47.3,46.3,45.2,44.1,43,42,41.1,40.4,39.8,39.3,39,38.6,38,37.4,36.6,35.8,35,34.2,33.6,33,32.4,31.9,31.3,30.6,29.8,28.9,28,27.2,26.4,25.6,25,24.5,23.9,23.4,23,22.5,22.1,21.7,21.2,,
Gibraltar,GIB,"Mortality rate, neonatal (per 1,000 live births)",SH.DYN.NMRT,,,,,,,,,,,,,,,,,,,,,,,,,,,,,,,,,,,,,,,,,,,,,,,,,,,,,,,,,,,,,,,,,,
Guinea,GIN,"Mortality rate, neonatal (per 1,000 live births)",SH.DYN.NMRT,,,,,,,,,,,,,,,,,69.9,70.5,71.5,72.4,73.3,73.8,73.7,73.1,71.9,70.3,68.5,66.7,64.9,63.3,61.9,60.5,59.5,58.6,57.8,56.7,55.3,53.3,50.9,48.4,46.1,44,42.5,41.2,40.2,39.2,38.3,37.5,37,36.5,36.1,35.7,35.2,34.7,34.2,33.7,33.3,33,32.6,32.2,31.8,31.3,30.9,30.3,,
"Gambia, The",GMB,"Mortality rate, neonatal (per 1,000 live births)",SH.DYN.NMRT,,,,,,,,,,,,,,,,,,,,,,,,,,,,,,50.8,49.9,49,48,47.2,46.4,45.4,44.4,43.4,42.3,41.3,40.4,39.6,38.9,38.2,37.5,36.8,36.1,35.3,34.5,33.7,33,32.2,31.4,30.7,29.9,29.2,28.4,27.6,26.9,26.2,25.6,24.9,24.3,23.7,,
Guinea-Bissau,GNB,"Mortality rate, neonatal (per 1,000 live births)",SH.DYN.NMRT,,,,,,,,,,,,,,,,,,,,,,,,,,,,64.9,64.4,63.9,63.4,62.9,62.3,61.7,60.9,60.2,59.3,58.4,57.3,56.3,55.2,54.1,53.3,52.5,51.6,50.8,49.8,48.7,47.5,46.1,44.7,43.5,42.3,41.2,40.1,39.1,38.2,37.4,36.6,35.8,35,34.1,33.4,32.7,,
Equatorial Guinea,GNQ,"Mortality rate, neonatal (per 1,000 live births)",SH.DYN.NMRT,,,,,,,,,,,,,,,,,,,,,,,,,,,,,,49.9,49.6,49.4,49.2,49,48.8,48.6,48.2,47.8,47.3,46.7,46.2,45.8,45.2,44.4,43.3,42.1,40.7,39.3,37.9,36.7,35.7,34.8,34.1,33.5,32.9,32.2,31.7,31,30.4,29.7,29.1,28.6,27.9,27.2,,
Greece,GRC,"Mortality rate, neonatal (per 1,000 live births)",SH.DYN.NMRT,19.8,20,20,20,20.1,20.5,20.8,20.9,20.5,20.3,20.4,20.2,19.3,18.1,17.3,17,16.7,16,15,14.1,13.3,12.6,11.9,11.2,10.6,9.9,9.2,8.4,7.7,7,6.5,6.1,5.9,5.8,5.7,5.5,5.3,5,4.6,4.3,3.9,3.6,3.3,3,2.7,2.5,2.4,2.2,2.1,2.1,2.1,2.2,2.3,2.5,2.6,2.6,2.6,2.6,2.5,2.5,2.4,2.4,2.3,2.3,,
Grenada,GRD,"Mortality rate, neonatal (per 1,000 live births)",SH.DYN.NMRT,,,,,,,,,,,,,,,,,,,,,,,,,,,,,,12.9,12.2,11.5,10.7,9.9,9.1,8.6,8.1,7.9,7.8,7.8,7.8,7.8,7.9,7.9,7.9,7.9,8,8.1,8.3,8.7,9.1,9.6,10.1,10.6,11.1,11.5,11.8,12,12.2,12.4,12.6,12.6,12.6,12.4,,
Greenland,GRL,"Mortality rate, neonatal (per 1,000 live births)",SH.DYN.NMRT,,,,,,,,,,,,,,,,,,,,,,,,,,,,,,,,,,,,,,,,,,,,,,,,,,,,,,,,,,,,,,,,,,
Guatemala,GTM,"Mortality rate, neonatal (per 1,000 live births)",SH.DYN.NMRT,,,,,58,57.1,56.1,55,53.9,52.8,51.6,50.4,49.1,47.7,46.3,44.8,43.8,42.1,40.8,39.6,38.5,37.4,36.5,34.9,33.8,32.7,31.8,30.8,29.9,29,28.2,27.4,26.6,25.8,25.1,24.4,23.7,23.1,22.5,21.9,21.3,20.7,20.2,19.7,19.2,18.6,18.2,17.7,17.3,16.8,16.2,15.5,15,14.4,13.8,13.3,12.8,12.3,11.9,11.5,11.1,10.7,10.4,10,,
Guam,GUM,"Mortality rate, neonatal (per 1,000 live births)",SH.DYN.NMRT,,,,,,,,,,,,,,,,,,,,,,,,,,,,,,,,,,,,,,,,,,,,,,,,,,,,,,,,,,,,,,,,,,
Guyana,GUY,"Mortality rate, neonatal (per 1,000 live births)",SH.DYN.NMRT,39.9,38.9,38,37.3,36.8,36.3,36,35.6,35.3,35.1,34.9,34.6,34.4,34.2,33.9,33.7,33.4,33.1,32.8,32.5,32.2,31.9,31.6,31.3,31.2,31.1,31.1,31,31,31,30.9,30.8,30.6,30.4,30.1,29.7,29.3,28.7,28.1,27.6,27,26.5,26,25.6,25.2,24.8,24.4,23.9,23.5,23.1,22.7,22.3,21.8,21.3,20.7,20.1,19.5,18.9,18.3,17.8,17.2,16.7,16.1,15.6,,
High income,HIC,"Mortality rate, neonatal (per 1,000 live births)",SH.DYN.NMRT,,,,,,,,,,,,,,,,,,,,,,,,,,,,,,,7,6.7,6.4,6.2,6,5.7,5.5,5.3,5.1,4.9,4.7,4.6,4.5,4.4,4.2,4.1,3.9,3.8,3.6,3.5,3.5,3.4,3.4,3.4,3.3,3.2,3.1,3,2.9,2.9,2.8,2.7,2.7,2.6,,
"Hong Kong SAR, China",HKG,"Mortality rate, neonatal (per 1,000 live births)",SH.DYN.NMRT,,,,,,,,,,,,,,,,,,,,,,,,,,,,,,,,,,,,,,,,,,,,,,,,,,,,,,,,,,,,,,,,,,
Honduras,HND,"Mortality rate, neonatal (per 1,000 live births)",SH.DYN.NMRT,,,,,,,,,,,,,38.3,37.3,36.9,35.4,34.5,33.7,32.9,32.2,31.3,30.4,29.4,28.4,27.4,26.4,25.4,24.5,23.5,22.6,21.7,20.9,20.2,19.7,19.3,19.1,18.9,18.7,18.9,18.2,17.9,17.4,16.9,16.4,16,15.6,15.3,15,14.7,14.3,13.9,13.5,13,12.6,12.2,11.7,11.3,10.9,10.5,10.1,9.8,9.5,9.1,8.8,,
Heavily indebted poor countries (HIPC),HPC,"Mortality rate, neonatal (per 1,000 live births)",SH.DYN.NMRT,,,,,,,,,,,,,,,,,,,,,,,,,,,,,,,47.7987912592749,47.1290060326191,46.5242850955456,45.8727104914035,45.3552071007208,44.5526635914537,43.8505382293201,43.1016449727633,42.2945735728661,41.4223145045926,40.4830854463082,39.4718338548932,38.5334619712134,37.6435615416032,36.8031441724197,35.9635344475076,35.180482282178,34.4239955659672,33.6996055610489,33.0070823657366,32.2983357997545,31.7132365487964,31.0188480094772,30.4313858611862,29.9130195010922,29.4175836215183,28.9296342479356,28.4712896543221,27.9749421373581,27.4713997315394,26.9608876127567,26.4421359884718,25.9718961952249,25.3842157315217,,
Croatia,HRV,"Mortality rate, neonatal (per 1,000 live births)",SH.DYN.NMRT,,,,,,,,,,,,,,,,,,,,,,,14,13.5,12.9,12.1,11.2,10.2,9.2,8.5,8.2,8.1,7.8,7.4,6.9,6.4,6,5.8,5.7,5.7,5.5,5.3,5,4.8,4.5,4.2,4,3.9,3.8,3.7,3.5,3.4,3.3,3.2,3.2,3.1,3,3,3,3,2.9,2.9,2.9,2.8,,
Haiti,HTI,"Mortality rate, neonatal (per 1,000 live births)",SH.DYN.NMRT,88.5,88.4,88.1,87.7,87.2,86.3,85.4,84.4,83.3,82.1,80.6,79,77.1,75,72.8,70.6,68.3,66,63.6,61.2,58.8,56.5,54.5,52.6,50.8,49.1,47.3,45.2,42.9,40.7,38.8,37.2,35.9,34.9,34,33.2,32.4,31.7,30.9,30.3,29.7,29.4,29.2,29.2,29.3,29.3,29.2,29.1,28.9,28.6,29.4,28.2,28,27.8,27.4,27,26.6,26.1,25.6,25.2,24.7,24.2,23.7,23.3,,
Hungary,HUN,"Mortality rate, neonatal (per 1,000 live births)",SH.DYN.NMRT,28.2,27.4,27,27,27.3,27.7,28,28.1,27.9,27.8,27.9,28.2,28.3,28,27.2,25.8,23.9,21.9,20,18.3,17,16,15.5,15.4,15.3,14.9,14.2,13.3,12.4,11.7,11.1,10.6,9.9,9,8.1,7.5,7.1,6.8,6.4,6,5.7,5.4,5.1,4.8,4.4,4.1,3.9,3.8,3.6,3.5,3.4,3.3,3.2,3,2.9,2.7,2.5,2.4,2.3,2.2,2.2,2.2,2.2,2.1,,
IBRD only,IBD,"Mortality rate, neonatal (per 1,000 live births)",SH.DYN.NMRT,,,,,,,,,,,,,,,,,,,,,,,,,,,,,,,35.7129399837793,35.5029490501804,34.9829192938609,34.3626959431149,33.6640259713686,32.9328958428075,32.1213497480533,31.2883753764649,30.3925167756964,29.5077483424749,28.5151377905246,27.55743525744,26.4455759666166,25.3067327699856,24.1424773038373,23.0842983766868,22.017300267661,20.9997953739659,20.0051608711924,19.1276313178837,18.3267702945653,17.5369346657958,16.6006603942217,15.9892304483103,15.096312654464,14.6875961314408,14.0975408649068,13.4665405606766,13.3671856335116,12.8713742532025,12.6417961168403,12.2929550266616,11.9594160560515,11.5838297595928,,
IDA & IBRD total,IBT,"Mortality rate, neonatal (per 1,000 live births)",SH.DYN.NMRT,,,,,,,,,,,,,,,,,,,,,,,,,,,,,,,39.8027889445255,39.6659698044008,39.2161493866008,38.6663913475173,38.0598799846401,37.3809229642763,36.6699708551388,35.9187016826113,35.0986587612006,34.2656643150533,33.2855339935481,32.3625222419073,31.3353270660576,30.3187634297409,29.2689421605835,28.3415875773446,27.4355382037145,26.5723057823641,25.7345929632333,24.9798319676544,24.30632214993,23.6434654442598,22.7776982588247,22.2694044990643,21.5771305783489,21.2116331430771,20.6456699151153,20.1646417147454,20.079733218136,19.6853909284751,19.5754884676687,19.3079913736369,19.0174690494971,18.6424945137802,,
IDA total,IDA,"Mortality rate, neonatal (per 1,000 live births)",SH.DYN.NMRT,,,,,,,,,,,,,,,,,,,,,,,,,,,,,,,50.1594635631461,49.4281924129016,48.7513690274502,48.0471964753613,47.37282608565,46.5467341278449,45.7913184800633,44.9706006492841,44.0878311190108,43.1088126910231,42.0886626192898,41.0147689090958,39.9765016515065,39.0148441452767,38.0873712840113,37.2427668180923,36.4754069888063,35.7585608922024,35.1153910292787,34.4899450581417,33.8716541848832,33.3188775343416,32.6634961227206,32.0591213594323,31.5555926150243,31.0080264295166,30.4407092243583,29.9021587112368,29.283948714726,28.6679182380738,28.0999022453944,27.5438349096782,27.0063452340591,26.4322457415837,,
IDA blend,IDB,"Mortality rate, neonatal (per 1,000 live births)",SH.DYN.NMRT,,,,,,,,,,,,,,,,,,,,,,,,,,,,,,,50.8248188412311,50.6899473768754,50.60003679364,50.4475220111441,50.1507436490283,49.7134138482666,49.2551059810983,48.6368283320022,47.9039614850068,47.0897453001502,46.2274635575634,45.3329776359696,44.3833146152488,43.5126684091805,42.6453461355641,41.9473948905365,41.302339217318,40.7782191789046,40.3011293589197,39.7966973307747,39.3482404178298,38.8819594650153,38.3555394454592,37.7501162421224,37.2265795543384,36.6425463254726,36.0718522751109,35.5409450198845,34.9106729696583,34.2098140986169,33.5740494399623,32.8797449555933,32.1787489869123,31.513481850988,,
Indonesia,IDN,"Mortality rate, neonatal (per 1,000 live births)",SH.DYN.NMRT,57.9,56.8,55.8,54.8,53.8,53.5,52.1,51.2,50.3,49.4,48.5,47.6,46.6,45.6,44.5,43.4,42.3,41.2,40.3,39.3,38.4,37.4,36.4,35.4,34.5,33.7,32.9,32.3,31.7,31.1,30.6,30.1,29.5,28.9,28.2,27.3,26.4,25.5,24.5,23.6,22.7,22,21.3,20.8,20.4,19.8,19.4,19.1,18.6,17.9,17.3,16.6,15.9,15.3,14.6,14,13.5,13,12.5,12,11.6,11.2,10.9,10.5,,
IDA only,IDX,"Mortality rate, neonatal (per 1,000 live births)",SH.DYN.NMRT,,,,,,,,,,,,,,,,,,,,,,,,,,,,,,,49.8033823344552,48.7454120296258,47.7463686094052,46.7509497081471,45.8782272918013,44.8451441613052,43.9263624079805,43.0004248262341,42.0343412126313,40.9498129846423,39.8327616140924,38.6515742641724,37.5587846780595,36.5398118985877,35.5853076246929,34.6428715687692,33.7756081754108,32.9146317442861,32.1240337964353,31.3918243811526,30.6469178141851,30.0351815223433,29.3232885644102,28.7397572777546,28.2648868241739,27.7772433522738,27.2724155194207,26.7694257328707,26.2043820509317,25.6807224842691,25.1839394147017,24.7044136569672,24.2667725600617,23.7518679801341,,
Isle of Man,IMN,"Mortality rate, neonatal (per 1,000 live births)",SH.DYN.NMRT,,,,,,,,,,,,,,,,,,,,,,,,,,,,,,,,,,,,,,,,,,,,,,,,,,,,,,,,,,,,,,,,,,
India,IND,"Mortality rate, neonatal (per 1,000 live births)",SH.DYN.NMRT,,,,,,,,,,85.3,84.7,84.1,83.4,82.6,81.5,80.3,78.9,77.4,75.8,74.1,72.5,70.8,69.2,67.6,66.1,64.5,63,61.5,60,58.5,57.1,55.9,54.6,53.4,52.2,51.1,49.9,48.7,47.4,46,44.6,43.2,41.8,40.4,39,37.8,36.6,35.4,34.2,33,31.8,30.6,29.4,28.3,27.1,26,24.9,23.8,22.7,21.4,20.2,19.1,18.1,17.3,,
Not classified,INX,"Mortality rate, neonatal (per 1,000 live births)",SH.DYN.NMRT,,,,,,,,,,,,,,,,,,,,,,,,,,,,,,,,,,,,,,,,,,,,,,,,,,,,,,,,,,,,,,,,,,
Ireland,IRL,"Mortality rate, neonatal (per 1,000 live births)",SH.DYN.NMRT,21.1,20.1,19.2,18.4,17.7,17.1,16.4,15.5,14.6,13.7,13.1,12.6,12.3,12.1,11.9,11.5,10.8,10,9.1,8.2,7.4,6.8,6.3,6,5.7,5.3,5.1,4.9,4.8,4.8,4.7,4.6,4.5,4.4,4.3,4.2,4.1,4.1,4.1,4.1,4,3.9,3.7,3.5,3.3,3,2.8,2.6,2.5,2.5,2.5,2.5,2.5,2.5,2.4,2.4,2.3,2.3,2.3,2.3,2.3,2.4,2.5,2.5,,
"Iran, Islamic Rep.",IRN,"Mortality rate, neonatal (per 1,000 live births)",SH.DYN.NMRT,,,,,,,,,,,,,,,,,,,,,,,,,,,,,,25.8,25,24.2,23.6,23,22.5,22,21.5,21,20.5,20.1,19.6,18.9,18.2,17.5,16.7,16,15.4,14.7,13.9,13.2,12.6,11.9,11.3,10.8,10.4,10,9.6,9.2,8.9,8.5,8.2,7.9,7.7,7.4,,
Iraq,IRQ,"Mortality rate, neonatal (per 1,000 live births)",SH.DYN.NMRT,,,,,,,,,,,,,,,,,,,,,,,,29.8,29.2,28.6,28,27.5,27.3,27.1,26.7,26.1,25.6,25.4,25.2,25,24.8,24.6,24.4,24.1,23.8,23.5,23.2,22.9,22.5,22.2,21.8,21.3,20.8,20.2,19.6,19,18.5,17.9,17.3,16.7,16.2,15.7,15.2,14.7,14.2,13.7,13.3,12.9,,
Iceland,ISL,"Mortality rate, neonatal (per 1,000 live births)",SH.DYN.NMRT,11.3,11.2,11.2,11.1,11,10.8,10.6,10.4,10.2,9.9,9.6,9.2,8.8,8.4,7.9,7.4,6.9,6.5,6.1,5.7,5.4,5.1,4.9,4.6,4.4,4.2,4,3.8,3.7,3.5,3.4,3.2,3.1,3,2.8,2.7,2.6,2.5,2.4,2.2,2.1,2,1.9,1.8,1.7,1.6,1.5,1.5,1.4,1.4,1.3,1.3,1.3,1.3,1.3,1.3,1.3,1.3,1.4,1.4,1.4,1.4,1.3,1.3,,
Israel,ISR,"Mortality rate, neonatal (per 1,000 live births)",SH.DYN.NMRT,,,,,,,,,,,,,,,,12.9,12.4,11.8,11.2,10.6,10,9.4,8.9,8.4,8,7.8,7.5,7.3,7,6.6,6.2,5.8,5.4,5.1,4.8,4.5,4.2,4,3.9,3.7,3.6,3.5,3.3,3.1,2.9,2.7,2.6,2.5,2.4,2.4,2.4,2.3,2.3,2.2,2.2,2.1,2,2,1.9,1.9,1.8,1.8,1.8,1.7,,
Italy,ITA,"Mortality rate, neonatal (per 1,000 live births)",SH.DYN.NMRT,24.7,23.6,22.9,22.7,22.9,22.8,22.4,21.8,21.2,20.7,20.4,20.2,19.6,18.5,17.2,15.9,14.9,14,13.1,12.2,11.3,10.5,9.8,9.3,8.8,8.3,7.8,7.4,7.1,6.8,6.5,6,5.6,5.2,5,4.7,4.5,4.2,3.9,3.7,3.5,3.3,3.1,2.9,2.8,2.7,2.6,2.5,2.5,2.5,2.4,2.4,2.3,2.2,2.2,2.1,2.1,2,1.9,1.8,1.8,1.7,1.7,1.6,,
Jamaica,JAM,"Mortality rate, neonatal (per 1,000 live births)",SH.DYN.NMRT,34.4,33.2,32,31,30,29.1,28.2,27.4,26.7,25.9,25.2,24.6,24,23.4,23.1,22.8,22.6,22.4,22.2,22,21.8,21.5,21.2,20.8,20.4,20.1,19.8,19.5,19.1,18.8,18.5,18.3,18,17.7,17.5,17.3,17.1,16.9,16.6,16.4,16.1,15.9,15.7,15.5,15.5,15.4,15.4,15.4,15.3,15.2,15.1,15,14.9,14.7,14.5,14.3,14.1,14,14,14.1,14.3,14.4,14.5,14.5,,
Jordan,JOR,"Mortality rate, neonatal (per 1,000 live births)",SH.DYN.NMRT,40,39.1,38.2,37.3,36.4,35.4,34.4,33.5,32.7,31.8,30.9,30.1,29.3,28.6,27.8,27.2,26.6,26.1,25.8,25.5,25.3,25.1,24.8,24.4,23.8,23.2,22.4,21.6,20.9,20.3,19.6,18.9,18.4,17.9,17.4,17,16.6,16.3,15.9,15.6,15.3,15,14.7,14.3,13.9,13.5,13,12.6,12.1,11.7,11.3,10.9,10.6,10.3,10,9.7,9.4,9.1,8.8,8.5,8.3,8,7.8,7.6,,
Japan,JPN,"Mortality rate, neonatal (per 1,000 live births)",SH.DYN.NMRT,,,,,,,,,9.7,9.1,8.7,8.2,7.8,7.4,7,6.7,6.4,6.1,5.7,5.3,4.9,4.6,4.3,4,3.7,3.4,3.1,2.9,2.8,2.6,2.5,2.5,2.4,2.3,2.3,2.2,2.1,2,1.9,1.8,1.8,1.7,1.7,1.6,1.5,1.4,1.4,1.3,1.2,1.2,1.1,1.1,1,1,1,0.9,0.9,0.9,0.9,0.8,0.8,0.8,0.8,0.8,,
Kazakhstan,KAZ,"Mortality rate, neonatal (per 1,000 live births)",SH.DYN.NMRT,,,,,,,,,,,,,26.8,26.4,26.1,25.8,25.5,25.3,25,24.8,24.5,24.2,24,23.7,23.5,23.3,23.1,22.8,22.6,22.5,22.5,22.8,23.2,23.8,24.4,24.8,25,25,24.8,24.3,23.8,23.2,22.6,21.7,20.7,19.7,18.5,17.1,15.3,13.5,11.8,10.2,8.7,7.3,6.2,5.5,5,4.8,4.7,4.7,4.8,4.8,4.6,4.3,,
Kenya,KEN,"Mortality rate, neonatal (per 1,000 live births)",SH.DYN.NMRT,48.2,46.7,45.1,43.8,42.7,41.8,41.1,40.6,40.2,39.7,39.1,38.4,37.6,36.8,35.9,35.2,34.5,33.9,33.4,32.8,32.2,31.7,31.1,30.6,30,29.5,28.9,28.2,27.7,27.2,26.8,26.6,26.5,26.5,26.5,26.6,26.7,26.8,26.9,26.8,26.6,26.4,26,25.6,25.2,24.8,24.5,24.1,23.9,23.7,23.6,23.6,23.6,23.6,23.6,23.5,23.4,23.2,22.9,22.6,22.4,22.1,21.8,21.5,,
Kyrgyz Republic,KGZ,"Mortality rate, neonatal (per 1,000 live births)",SH.DYN.NMRT,,,,,,,,,,,,,,,,,,,,29.6,28.9,28.2,27.3,26.5,25.8,25.3,25,24.7,24.5,24.3,24.3,24.5,25,25.6,25.7,25.5,24.7,23.6,22.6,21.6,20.9,20.3,19.9,19.6,19.4,19.3,19.2,18.8,18.2,17.5,16.6,15.8,15.1,14.6,14,13.5,12.9,12.4,11.9,11.5,11.3,11.1,11,10.8,,
Cambodia,KHM,"Mortality rate, neonatal (per 1,000 live births)",SH.DYN.NMRT,,,,,,,,,,,,,,,,,,65.6,62.8,55.5,52.4,49.3,46.6,44.6,43.4,42.5,41.9,41.4,41,40.6,40.3,39.9,39.6,39.4,39.2,39,38.7,38.2,37.6,36.6,35.3,33.5,31.6,29.8,28.3,26.9,25.7,24.6,23.5,22.4,21.3,20.3,19.3,18.2,17.2,16.4,15.6,15,14.4,13.8,13.2,12.7,12.3,11.8,,
Kiribati,KIR,"Mortality rate, neonatal (per 1,000 live births)",SH.DYN.NMRT,,,,,,,,,,,,,,,,,,,,,,,,,,,,,,35.2,34.4,33.6,32.7,32,31.3,30.7,30,29.3,28.6,28,27.2,26.5,25.9,25.3,24.9,24.5,24.2,24,23.8,23.5,23.5,23.4,23.4,23.4,23.5,23.6,23.7,23.8,23.9,23.7,23.4,23.1,22.7,22.4,,
St. Kitts and Nevis,KNA,"Mortality rate, neonatal (per 1,000 live births)",SH.DYN.NMRT,,,,,,,,,,,,,,,,,,24.5,24.5,24.5,24.3,24,23.7,23.2,22.6,22,21.3,20.4,19.7,19.2,18.7,18.4,18.2,18.1,17.9,17.6,17.3,16.9,16.4,15.8,15.2,14.6,14,13.4,12.8,12.4,12.1,11.8,11.7,11.6,11.7,11.8,11.9,12.1,12.2,12.2,12.2,12,11.8,11.5,11.2,10.9,10.6,10.3,,
"Korea, Rep.",KOR,"Mortality rate, neonatal (per 1,000 live births)",SH.DYN.NMRT,28.2,28.1,27.9,27.8,27.5,27.1,26.6,26,25.3,24.7,23.9,23.1,22.4,21.7,21,20.5,19.9,19.4,18.8,18.1,17.4,16.3,15.2,14,12.9,11.8,10.7,9.7,8.8,8.1,7.4,6.8,6.2,5.7,5.3,4.9,4.5,4.2,3.9,3.6,3.4,3.2,3,2.8,2.6,2.4,2.2,2,1.9,1.8,1.8,1.7,1.7,1.7,1.7,1.6,1.6,1.6,1.5,1.4,1.4,1.3,1.2,1.2,,
Kuwait,KWT,"Mortality rate, neonatal (per 1,000 live births)",SH.DYN.NMRT,,,,,,,,,,,,,,,,,,,,,,,,,,12.5,12.1,11.7,11.2,10.7,10.1,9.6,9.1,8.7,8.3,8,7.6,7.3,7,6.8,6.6,6.4,6.2,6.1,5.9,5.8,5.8,5.7,5.7,5.6,5.5,5.4,5.2,5.1,5,5,5,5,5,5,5,4.9,4.9,4.8,,
Latin America & Caribbean (excluding high income),LAC,"Mortality rate, neonatal (per 1,000 live births)",SH.DYN.NMRT,,,,,,,,,,,,,,,,,,,,,,,,,,,,,,,23.6511223385207,22.8933138690092,22.1879679731368,21.4603598977934,20.7897858517179,20.1164724060859,19.4199127840223,18.6911339342172,17.9902707787731,17.3346932311768,16.5958109005124,15.8771960832517,15.1178957803065,14.3980826931766,13.7892957084977,13.2337150334394,12.7710950832213,12.3611936201237,12.0066976942823,11.6640462372939,11.3787785840551,11.0266928767179,10.7569590874317,10.4677618886292,10.1865820418219,9.99621883528535,10.0738944656899,9.76031491417278,9.64254291222498,9.58592504018209,9.48080968379613,9.2364089751173,8.87065476648189,8.43989494546963,,
Lao PDR,LAO,"Mortality rate, neonatal (per 1,000 live births)",SH.DYN.NMRT,,,,,,,,,,,,,,,,,,,,,,,53.9,53.2,52.4,51.6,50.9,50.2,49.4,48.4,47.4,46.4,45.5,44.6,43.7,42.8,42,41.1,40.2,39.3,38.4,37.5,36.6,35.6,34.7,33.8,32.8,31.8,30.8,29.8,28.9,28,27,26.2,25.4,24.6,23.9,23.2,22.6,22,21.5,21,20.5,20,,
Lebanon,LBN,"Mortality rate, neonatal (per 1,000 live births)",SH.DYN.NMRT,,,,,,,,,,,,,,33.5,33.2,32.8,34.6,32.2,31.7,31.1,30.5,29.7,29.7,27.7,26.8,25.8,24.8,24,22.8,21.2,20,19,18,17,16.2,15.4,14.6,13.9,13.3,12.6,12,11.3,10.7,10.1,9.6,9,8.6,8.2,7.9,7.7,7.5,7.4,7.4,7.4,7.4,7.5,7.7,8,8.3,8.8,9.3,9.9,10.5,11.1,,
Liberia,LBR,"Mortality rate, neonatal (per 1,000 live births)",SH.DYN.NMRT,,,,105.2,104.1,102.5,100.5,98.2,95.8,93.5,91.1,88.8,86.6,84.6,82.5,80.6,78.8,77.2,75.7,74.1,72.6,71.2,69.8,68.2,66.6,65.2,64.1,63.2,62.4,61.7,60.8,59.8,58.8,58.1,57.3,56.5,55.4,54.2,52.6,50.8,48.9,46.9,44.8,42.9,41.1,39.6,38.2,36.9,35.9,35,34.4,34,33.7,33.6,33.4,33.2,33,32.7,32.3,31.9,31.3,30.7,30.2,29.6,,
Libya,LBY,"Mortality rate, neonatal (per 1,000 live births)",SH.DYN.NMRT,,,,,,,,,,,,,37.7,36.3,35,33.7,32.6,31.4,30.4,29.4,28.5,27.6,26.8,26,25.3,24.5,23.8,23.1,22.5,21.8,21.3,20.7,20.1,19.3,18.5,17.8,17.1,16.6,16,15.5,15.1,14.7,14.2,13.7,13.1,12.4,11.7,10.9,10.1,9.5,8.9,8.5,8.1,7.7,7.4,7.1,6.9,6.6,6.4,6.2,5.9,5.8,5.6,5.7,,
St. Lucia,LCA,"Mortality rate, neonatal (per 1,000 live births)",SH.DYN.NMRT,,,,,,,,,,,,,19.7,18.4,17.1,16.2,15.8,15.9,16.2,16.3,16.3,16.1,15.8,15.3,14.8,14.3,13.8,13.3,12.9,12.5,12,11.6,11.2,10.8,10.5,10.4,10.4,10.5,10.7,11.1,11.4,11.8,12.1,12.4,12.6,12.7,12.8,12.8,12.7,12.7,12.7,12.7,12.6,12.5,12.3,12.1,11.8,11.5,11.2,10.9,10.6,10.4,10.2,10,,
Latin America & Caribbean,LCN,"Mortality rate, neonatal (per 1,000 live births)",SH.DYN.NMRT,,,,,,,,,,,,,,,,,,,,,,,,,,,,,,,22.5,21.9,21.3,20.6,20,19.3,18.6,17.9,17.3,16.7,16,15.3,14.5,13.9,13.3,12.8,12.4,12,11.7,11.4,11.1,10.8,10.6,10.3,10.1,10.1,10.2,9.9,9.8,9.7,9.6,9.4,9,8.7,,
Least developed countries: UN classification,LDC,"Mortality rate, neonatal (per 1,000 live births)",SH.DYN.NMRT,,,,,,,,,,,,,,,,,,,,,,,,,,,,,,,52.232633977398,51.1369622634739,50.0918764329641,49.0350083936259,48.1038194329202,46.9992976075384,45.9956279830153,45.0152006747131,43.9935969302908,42.8681668557798,41.7066528415128,40.4879713060363,39.3442039221086,38.2642809730308,37.25042843993,36.2576220849201,35.3311472941641,34.4439843893703,33.6259885315398,32.821010483279,32.0336897121377,31.3823875673073,30.6140119713695,29.956502452887,29.3873902686485,28.815798983143,28.2431511248303,27.7031396504435,27.1081692166776,26.5724218685569,26.0543118510719,25.5473923408456,25.0925371376805,24.5745002924317,,
Low income,LIC,"Mortality rate, neonatal (per 1,000 live births)",SH.DYN.NMRT,,,,,,,,,,,,,,,,,,,,,,,,,,,,,,,48.6,47.9,47.4,46.7,46.1,45.8,45.1,44.4,43.6,42.7,41.7,40.7,39.8,38.5,37.7,36.8,35.9,35.1,34.2,33.5,32.8,32.2,31.5,30.9,30.4,30,29.5,29,28.4,27.9,27.4,26.9,26.4,25.8,,
Liechtenstein,LIE,"Mortality rate, neonatal (per 1,000 live births)",SH.DYN.NMRT,,,,,,,,,,,,,,,,,,,,,,,,,,,,,,,,,,,,,,,,,,,,,,,,,,,,,,,,,,,,,,,,,,
Sri Lanka,LKA,"Mortality rate, neonatal (per 1,000 live births)",SH.DYN.NMRT,39.8,38.8,38.1,37.6,37,36.3,35.6,34.9,34.1,33.2,32.2,31.1,29.9,28.7,27.5,26.4,25.5,24.8,24.6,24.4,23.4,21,18.3,16.9,16.6,16.8,16.8,16.5,15.9,15.1,14.3,13.7,13.3,13.1,12.9,12.7,12.3,11.6,10.9,10.2,9.7,9.4,9.2,8.6,8,6.9,6.6,6.7,6.7,6.7,6.3,6.2,6,5.9,5.6,5.4,5.2,5.1,4.9,4.8,4.6,4.5,4.3,4.1,,
Lower middle income,LMC,"Mortality rate, neonatal (per 1,000 live births)",SH.DYN.NMRT,,,,,,,,,,,,,,,,,,,,,,,,,,,,,,,50.7,49.7,48.8,47.9,47,46.1,45.2,44.2,43.1,42,40.9,39.7,38.5,37.4,36.3,35.3,34.3,33.4,32.6,31.8,31,30.1,29.3,28.5,27.7,26.9,26.2,25.6,24.9,24.2,23.4,22.8,22.1,21.5,,
Low & middle income,LMY,"Mortality rate, neonatal (per 1,000 live births)",SH.DYN.NMRT,,,,,,,,,,,,,,,,,,,,,,,,,,,,,,,40.2460245293378,40.0750045161915,39.5504067168482,38.9364338407077,38.3241518637226,37.6939256490565,36.9704091948868,36.2009783394117,35.3685529140508,34.5057366523134,33.5053477478795,32.5743172956738,31.5371939212841,30.4572677493081,29.3853358635481,28.4322808601442,27.5163070947187,26.6675227887875,25.8408880750982,25.0903879005447,24.4080907456278,23.7269908245096,22.8587170000256,22.3416013786363,21.6353975422612,21.2542735924008,20.6731608196418,20.1582681368914,20.071846660622,19.6549817512233,19.5452180469979,19.2775958614638,18.9837277040373,18.6055639470196,,
Lesotho,LSO,"Mortality rate, neonatal (per 1,000 live births)",SH.DYN.NMRT,62.9,63.2,63.6,64.1,64.3,64.5,64.5,64.2,63.7,62.8,61.7,60.6,59.4,57.9,56.3,54.3,52.4,50.2,48.1,46,44,42.5,41.3,40.3,39.7,39.1,38.8,38.6,38.6,38.6,38.7,38.7,38.5,38.4,38.2,38,37.7,37.3,37,37,37.2,37.7,38.1,38.5,38.8,38.9,38.9,38.5,38,37.3,36.7,36.1,35.6,35.2,34.7,34.2,33.5,32.8,32.1,31.4,30.7,30,29.4,28.7,,
Late-demographic dividend,LTE,"Mortality rate, neonatal (per 1,000 live births)",SH.DYN.NMRT,,,,,,,,,,,,,,,,,,,,,,,,,,,,,,,26.3792526749206,25.6462717559073,25.1330488432135,24.5662829181162,23.8327394854978,23.3329487808842,22.4304750538638,21.5254622194473,20.5965092177458,19.773087887692,18.9053277789541,17.6791359412885,16.5275490507083,15.1543961263993,14.0376244307998,13.0473646783124,12.0465393526145,11.1331800372803,10.265810626554,9.48910136321861,8.87555843796461,8.29049310317971,7.76966943698189,7.32060731831226,6.84462778769717,6.47803973845003,6.14789726292088,5.71491115405627,5.58947919260052,5.41684961553249,5.3643720943211,5.21966123784561,5.08682967724344,4.87566448300804,,
Lithuania,LTU,"Mortality rate, neonatal (per 1,000 live births)",SH.DYN.NMRT,,,,,,,,,,,,,,,,,,,,,,7.2,7,6.9,7,7.1,7,6.7,6.3,6.6,7.8,9.6,10.8,10.6,9.3,7.8,6.4,5.6,5.1,4.8,4.5,4.4,4.3,4.4,4.3,4.2,4,3.7,3.4,3.1,2.9,2.7,2.6,2.5,2.4,2.4,2.4,2.3,2.3,2.2,2.1,2.1,2,1.9,,
Luxembourg,LUX,"Mortality rate, neonatal (per 1,000 live births)",SH.DYN.NMRT,,,,,,16.8,15.6,14.6,13.8,13.3,12.7,12.1,11.2,10.4,9.8,9.4,8.9,8.3,7.7,7,6.5,6,5.6,5.3,5.1,5,4.9,4.8,4.6,4.4,4.2,3.9,3.7,3.4,3.2,3.1,2.9,2.8,2.6,2.5,2.4,2.3,2.1,2,1.9,1.8,1.7,1.6,1.6,1.6,1.5,1.5,1.5,1.5,1.5,1.5,1.6,1.6,1.6,1.6,1.7,1.7,1.7,1.6,,
Latvia,LVA,"Mortality rate, neonatal (per 1,000 live births)",SH.DYN.NMRT,,,,,,,,,,,,,,,,,,,,,7.5,7.3,7.1,6.9,6.7,6.6,6.5,6.4,6.6,7.3,8.4,9.5,10.6,11.2,11.5,11.3,10.6,9.7,8.7,7.8,7.2,6.6,6.2,5.8,5.6,5.4,5.2,5,4.8,4.5,4.2,3.9,3.5,3.2,2.9,2.7,2.6,2.4,2.3,2.2,2,1.8,1.6,1.5,,
"Macao SAR, China",MAC,"Mortality rate, neonatal (per 1,000 live births)",SH.DYN.NMRT,,,,,,,,,,,,,,,,,,,,,,,,,,,,,,,,,,,,,,,,,,,,,,,,,,,,,,,,,,,,,,,,,,
St. Martin (French part),MAF,"Mortality rate, neonatal (per 1,000 live births)",SH.DYN.NMRT,,,,,,,,,,,,,,,,,,,,,,,,,,,,,,,,,,,,,,,,,,,,,,,,,,,,,,,,,,,,,,,,,,
Morocco,MAR,"Mortality rate, neonatal (per 1,000 live births)",SH.DYN.NMRT,67.5,66.7,65.8,64.9,63.8,62.6,61.4,60.2,58.9,57.8,56.9,56.1,55.3,54.6,53.8,53,52.2,51.3,50.4,49.3,48.2,47.1,45.9,44.6,43.3,42.1,40.9,39.8,38.7,37.7,36.8,35.9,35,34.2,33.4,32.5,31.6,30.8,29.9,29.1,28.4,27.6,26.9,26.2,25.4,24.5,23.6,22.7,21.5,20.3,19.2,18.1,17.1,16.1,15.3,14.4,13.7,13,12.4,11.9,11.4,11,10.6,10.2,,
Monaco,MCO,"Mortality rate, neonatal (per 1,000 live births)",SH.DYN.NMRT,,,,,,,,,,,,,,,,,,,,,,,,,,,,,,4.4,4.2,4,3.8,3.7,3.5,3.4,3.2,3.1,3,2.9,2.8,2.7,2.6,2.5,2.5,2.4,2.4,2.3,2.2,2.2,2.1,2.1,2.1,2,1.9,1.9,1.8,1.8,1.7,1.7,1.6,1.6,1.5,1.5,,
Moldova,MDA,"Mortality rate, neonatal (per 1,000 live births)",SH.DYN.NMRT,,,,,,,,,,,,,,,,,,,,,,,21.4,20.9,20.5,20,19.5,19,18.6,18.3,18.4,18.8,19.5,20.6,21.6,22.4,23,23.1,22.7,21.7,20.2,18.6,17.1,15.7,14.6,13.8,13.3,13,12.8,12.6,12.5,12.3,12.1,11.8,11.7,11.5,11.3,11.2,11.1,11,10.9,10.9,10.8,10.8,,
Madagascar,MDG,"Mortality rate, neonatal (per 1,000 live births)",SH.DYN.NMRT,,,,,,,,,,34.7,34.9,35.1,35.3,35.6,35.9,36.3,36.8,37.3,37.8,38.4,39,39.4,39.8,40.2,40.5,40.6,40.5,40.1,39.7,39.1,38.6,37.9,37.3,36.6,35.9,35.2,34.4,33.6,32.8,31.9,31.2,30.4,29.7,29,28.4,27.7,27.1,26.5,26,25.5,25.2,24.8,24.5,24.3,24.2,24.1,24,24,24,24.1,24.1,24.1,24,23.8,,
Maldives,MDV,"Mortality rate, neonatal (per 1,000 live births)",SH.DYN.NMRT,,,,,,,,,,,,,,,,,,,,,,,,,,,50.1,48,46.1,44.2,42.4,40.6,38.7,36.8,34.9,32.8,30.6,28.4,26.3,24.3,22.2,19.9,17.6,15.6,14,12.6,11.3,10.3,9.3,8.4,7.6,7,6.4,6.1,5.9,5.8,5.8,5.6,5.4,5.1,4.7,4.4,4.1,3.9,,
"Middle East, North Africa, Afghanistan & Pakistan",MEA,"Mortality rate, neonatal (per 1,000 live births)",SH.DYN.NMRT,,,,,,,,,,,,,,,,,,,,,,,,,,,,,,,28.3,27.5,26.7,26,25.4,24.8,24.2,23.6,23,22.3,21.7,21.1,20.5,19.9,19.3,18.7,18,17.3,16.6,16,15.4,14.9,14.4,13.9,13.5,13.1,12.8,12.5,12.3,12.2,12,11.7,11.4,11.1,,
Mexico,MEX,"Mortality rate, neonatal (per 1,000 live births)",SH.DYN.NMRT,51.8,50.2,48.8,47.7,47.3,47.1,47.2,47,46.4,45.4,44,42.4,40.8,39.2,37.5,35.9,34.3,32.9,31.7,30.6,29.7,28.9,28.1,27.3,26.6,25.9,25.2,24.5,23.8,23.1,22.4,21.8,21.1,20.4,19.7,18.9,18,17,16.1,15.2,14.2,13.3,12.3,11.3,10.5,9.8,9.4,9.2,9.2,9.1,9,8.8,8.7,8.5,8.3,8.3,8.4,8.6,8.7,8.6,8.4,8.2,7.9,7.6,,
Marshall Islands,MHL,"Mortality rate, neonatal (per 1,000 live births)",SH.DYN.NMRT,,,,,,,,,,,,,,,,,,,,,,,,,,,,,,19.1,18.5,18,17.7,17.4,17.3,17.4,17.7,18.1,18.6,18.9,19.1,19.1,19.1,19,18.8,18.7,18.6,18.5,18.3,18.2,18.1,17.9,17.7,17.4,17.1,16.7,16.2,15.8,15.3,14.8,14.3,13.9,13.5,13,,
Middle income,MIC,"Mortality rate, neonatal (per 1,000 live births)",SH.DYN.NMRT,,,,,,,,,,,,,,,,,,,,,,,,,,,,,,,39.665290734735,39.502380427572,38.9584671286119,38.3163771667679,37.6566794723147,36.9335055198216,36.1686783602747,35.3622340885749,34.4889824367801,33.610288820763,32.5918374782723,31.6560976922517,30.5860627428697,29.5222951703785,28.4013312827659,27.4164396098039,26.4682943754341,25.5986630131402,24.7566440458431,23.967374813568,23.2654419531795,22.5344962246873,21.6257154168648,21.0746811919637,20.2929428543377,19.8834064024058,19.2596649833817,18.6893397922508,18.6077908892792,18.1437007696476,18.0201222242888,17.7315759457366,17.4097911174733,17.038756939511,,
North Macedonia,MKD,"Mortality rate, neonatal (per 1,000 live births)",SH.DYN.NMRT,,,,,,,,,,,,,,,,,,,,,,,20.8,19.9,19.7,20.2,20.3,19.5,18.6,18,17.6,16.6,15.5,14.5,13.6,12.5,11.5,10.9,10.5,9.9,9,8.3,8.1,8.3,8.7,8.8,8.7,8.3,7.8,7.3,6.8,6.6,6.8,7.3,7.9,8.2,7.9,6.9,5.6,4.4,3.4,2.6,1.9,1.4,,
Mali,MLI,"Mortality rate, neonatal (per 1,000 live births)",SH.DYN.NMRT,,,,,100.2,99.4,99,98.5,98,97.9,97.7,97.5,96.9,96.1,95,93.8,92.4,90.8,88.9,86.4,83.5,80.5,77.5,75.1,73.2,72,71.2,70.6,69.7,68.5,67,65.3,63.8,62.4,60.9,59.2,57.5,55.9,54.4,52.9,51.2,49.5,47.8,46.4,45.1,44,43.1,42.3,41.5,40.8,40,39.3,38.6,38,37.4,36.9,36.4,35.9,35.3,34.7,34.2,33.6,32.9,32.4,,
Malta,MLT,"Mortality rate, neonatal (per 1,000 live births)",SH.DYN.NMRT,,,,,,,,,,,19.1,18.1,17.1,16.1,15.2,14.3,13.5,12.9,12.3,11.8,11.4,11,10.6,10.2,9.8,9.4,8.9,8.5,8.2,7.9,7.6,7.3,7.1,6.8,6.6,6.3,6.1,5.8,5.5,5.3,5.1,4.9,4.8,4.7,4.6,4.6,4.6,4.6,4.6,4.6,4.6,4.6,4.6,4.5,4.5,4.4,4.4,4.3,4.2,4.1,4,3.9,3.8,3.7,,
Myanmar,MMR,"Mortality rate, neonatal (per 1,000 live births)",SH.DYN.NMRT,,,,,,,,,,,,,,,,,,,,,,,,,,,,,,48.5,47.7,46.9,45.9,44.9,43.8,42.7,41.7,40.7,39.6,38.6,37.6,36.6,35.6,34.6,33.6,32.6,31.7,30.8,30.5,29.2,28.4,27.7,27,26.3,25.6,25,24.3,23.7,23.2,22.6,22.1,21.6,21.1,20.6,,
"Middle East, North Africa, Afghanistan & Pakistan (excluding high income)",MNA,"Mortality rate, neonatal (per 1,000 live births)",SH.DYN.NMRT,,,,,,,,,,,,,,,,,,,,,,,,,,,,,,,44.2400254411367,43.8459409572205,43.6073694011727,43.4765586591538,43.3351726545726,43.0183535130099,42.6205063612227,42.0186514451847,41.2839713273405,40.5939788914936,39.828148219166,38.8784222657531,38.0397595753393,37.2892124908274,36.382146452241,35.5470685828178,34.8177063526788,34.0999734109927,33.3873999665834,32.7494821015855,32.0266457519281,31.2210516211412,30.3301770070582,29.4328889010705,28.6571960245776,27.9400466718949,27.3211959806204,26.8183932846324,26.598056059354,26.2348132996888,25.7438739088937,25.274814818879,24.6929916606475,24.0824296443524,,
Montenegro,MNE,"Mortality rate, neonatal (per 1,000 live births)",SH.DYN.NMRT,,,,,,,,,,,,,,,,,,,,,,,,,,,,,,11.6,10.9,10.3,9.9,9.6,9.4,9.2,9.1,8.9,8.7,8.6,8.5,8.4,8.2,7.9,7.5,7,6.4,5.9,5.4,4.9,4.4,3.9,3.4,3,2.6,2.3,2,1.7,1.5,1.3,1.2,1.1,1,1,,
Mongolia,MNG,"Mortality rate, neonatal (per 1,000 live births)",SH.DYN.NMRT,,,,,,,,,,,,,,,,,,,,,,,,,,,29.7,29.5,29.4,29.4,29.3,29.3,29.3,29.3,29.1,28.7,28.1,27.2,26.1,24.8,23.5,22.2,21,19.8,18.6,17.5,16.4,14.9,13.5,12.3,11.4,10.7,10.3,10,9.8,9.6,9.2,8.9,8.6,8.4,8.1,7.9,7.7,7.4,,
Northern Mariana Islands,MNP,"Mortality rate, neonatal (per 1,000 live births)",SH.DYN.NMRT,,,,,,,,,,,,,,,,,,,,,,,,,,,,,,,,,,,,,,,,,,,,,,,,,,,,,,,,,,,,,,,,,,
Mozambique,MOZ,"Mortality rate, neonatal (per 1,000 live births)",SH.DYN.NMRT,,,,,,,,,,,,,,,,,,,,,62.8,62.9,63.1,63.1,63,62.8,62.6,62.3,61.8,61,60.2,59.2,58.3,57.3,56.2,54.7,53.1,51.4,49.2,46.8,44.2,41.7,39.4,37.3,35.4,33.8,32.4,31.2,30.2,29.2,28.4,27.7,27.2,26.8,26.5,26.4,26.4,26.5,26.5,26.4,26.3,26.1,25.8,25.4,,
Mauritania,MRT,"Mortality rate, neonatal (per 1,000 live births)",SH.DYN.NMRT,59.2,58.9,58.6,58.4,58.3,58.2,57.8,57.3,56.7,56.3,56.1,56.2,56.4,56.8,57.1,57.2,57,56.6,56.1,55.5,55.2,54.9,54.4,53.7,52.6,51.1,49.5,48,46.5,45.3,44.4,43.8,43.4,43.3,43.2,43,42.7,42.1,41.3,40.2,39,37.6,36.2,34.7,33.4,32.1,30.9,30,29.2,28.5,28,27.5,27.1,26.6,26.1,25.6,25.1,24.6,24.1,23.5,23,22.5,22,21.5,,
Mauritius,MUS,"Mortality rate, neonatal (per 1,000 live births)",SH.DYN.NMRT,,,,,,,,,,30,30.3,30.2,29.4,28.1,26.6,25.2,23.9,22.5,21.2,20.1,19.6,19.3,18.5,17.4,16.6,16.7,17.2,17.3,16.6,15.6,14.7,14.1,13.9,14.1,14.5,15,15.5,15.5,14.8,13.7,12.5,11.3,10.5,10.2,10.1,10.1,10.1,10,9.7,9.5,9.4,9.4,9.4,9.3,9.2,9.1,9.2,9.3,9.6,9.9,9.9,9.7,9.3,9,,
Malawi,MWI,"Mortality rate, neonatal (per 1,000 live births)",SH.DYN.NMRT,,,,,,,,,,69.1,68.6,67.7,66.6,65.4,64.2,62.8,61.4,60.1,58.9,57.7,56.5,55.5,54.6,54.2,54,53.8,53.5,52.9,52.2,51.2,50.1,48.9,47.7,46.5,45.5,44.6,43.8,42.9,41.8,40.4,38.7,36.6,34.6,32.5,30.8,29.6,28.9,28.5,28.3,27.8,27.2,26.4,25.5,24.6,23.7,23,22.4,21.8,21.3,20.8,20.3,19.8,19.3,18.8,,
Malaysia,MYS,"Mortality rate, neonatal (per 1,000 live births)",SH.DYN.NMRT,21,20.1,19.4,18.7,18.1,17.6,17.2,16.8,16.6,16.3,16.1,16,15.7,15.5,15.3,15,14.7,14.3,13.7,13,12.3,11.6,11,10.4,9.9,9.4,8.9,8.5,8.2,7.9,7.6,7.3,7,6.8,6.5,6.4,6.2,5.9,5.6,5.3,4.9,4.6,4.4,4.3,4.3,4.3,4.3,4.3,4.3,4.3,4.3,4.2,4.2,4.1,4.1,4.2,4.2,4.3,4.3,4.3,4.3,4.2,4.2,4.1,,
North America,NAC,"Mortality rate, neonatal (per 1,000 live births)",SH.DYN.NMRT,,,,,,,,,,,,,,,,,,,,,,,,,,,,,,,5.6,5.4,5.3,5.1,5,4.9,4.8,4.7,4.7,4.6,4.6,4.6,4.6,4.6,4.5,4.4,4.4,4.3,4.2,4.1,4.1,4,4,4,3.9,3.8,3.8,3.8,3.7,3.7,3.6,3.5,3.4,3.4,,
Namibia,NAM,"Mortality rate, neonatal (per 1,000 live births)",SH.DYN.NMRT,,,,,,,,,,30,30.3,30.8,31.3,31.9,32.4,32.8,33,33.1,33,33,33,32.9,32.7,32.4,32,31.3,30.6,30,29.7,29.4,29.4,29.4,29.3,29.1,28.8,28.3,27.5,26.2,24.4,22.6,20.9,19.3,17.9,17.1,16.6,16.8,17.3,18.1,19.1,20.4,21.8,23.3,24.6,25.8,26.8,27.5,27.8,27.9,27.7,27.3,26.6,25.8,25,24.1,,
New Caledonia,NCL,"Mortality rate, neonatal (per 1,000 live births)",SH.DYN.NMRT,,,,,,,,,,,,,,,,,,,,,,,,,,,,,,,,,,,,,,,,,,,,,,,,,,,,,,,,,,,,,,,,,,
Niger,NER,"Mortality rate, neonatal (per 1,000 live births)",SH.DYN.NMRT,,,,,,,,,,59.8,60.4,60.9,61.4,61.8,61.9,61.5,60.7,59.7,58.6,57.7,57.1,56.9,56.9,57.1,57.3,57.4,57.3,57.1,56.6,56,55.2,54.3,53.4,52.2,51.1,50,48.9,47.8,46.7,45.5,44.1,42.7,41.4,40.1,38.9,37.9,37,36.3,35.6,35.1,34.8,34.6,34.6,34.6,34.7,34.8,34.9,34.9,34.9,34.9,34.7,34.5,34.1,33.8,,
Nigeria,NGA,"Mortality rate, neonatal (per 1,000 live births)",SH.DYN.NMRT,,,,,,,,69.6,68.6,67.5,66.2,65,63.7,62.4,61.1,59.7,58.4,57.1,55.7,54.5,53.4,52.4,51.6,50.9,50.3,50,49.8,49.7,49.8,49.8,49.8,49.9,50,50,49.9,49.7,49.4,48.9,48.2,47.3,46.3,45.3,44.1,42.9,41.8,40.9,40,39.4,38.9,38.4,38.1,37.8,37.6,37.4,37.3,37.1,36.9,36.7,36.3,35.8,35.4,34.9,34.3,33.7,,
Nicaragua,NIC,"Mortality rate, neonatal (per 1,000 live births)",SH.DYN.NMRT,,,,,,,,,,,,,,,39.1,37.9,36.7,35.3,33.9,32.5,31.2,30.1,29.2,28.4,27.6,26.7,25.9,25.1,24.3,23.5,22.8,22.1,21.4,20.8,20.2,19.6,18.9,18.3,17.8,17.1,16.6,16,15.3,14.7,14.2,13.8,13.5,13.3,13,12.8,12.5,12.3,12,11.7,11.3,10.9,10.4,10,9.8,9.6,9.6,9.3,8.9,8.4,,
Netherlands,NLD,"Mortality rate, neonatal (per 1,000 live births)",SH.DYN.NMRT,13.4,13,12.6,12.1,11.7,11.3,11,10.7,10.2,9.8,9.4,9.2,8.8,8.5,8.1,7.6,7.2,6.8,6.4,6.1,5.7,5.5,5.3,5.2,5,4.9,4.8,4.8,4.7,4.7,4.6,4.5,4.4,4.2,4,3.8,3.7,3.6,3.7,3.8,3.8,3.8,3.7,3.6,3.5,3.4,3.3,3.2,3,2.9,2.8,2.7,2.7,2.7,2.7,2.6,2.6,2.6,2.6,2.6,2.6,2.6,2.6,2.6,,
Norway,NOR,"Mortality rate, neonatal (per 1,000 live births)",SH.DYN.NMRT,12,12,12,11.9,11.7,11.4,11.1,10.7,10.4,10.1,9.7,9.3,8.9,8.3,7.7,7.2,6.7,6.2,5.8,5.4,5.1,4.8,4.7,4.6,4.6,4.5,4.5,4.4,4.3,4.1,4,3.8,3.6,3.4,3.2,3.1,2.9,2.8,2.8,2.7,2.7,2.6,2.5,2.4,2.3,2.3,2.2,2.1,2,1.9,1.9,1.8,1.7,1.7,1.6,1.6,1.5,1.5,1.4,1.4,1.4,1.3,1.3,1.3,,
Nepal,NPL,"Mortality rate, neonatal (per 1,000 live births)",SH.DYN.NMRT,97.8,97.2,96.5,95.6,94.6,93.5,92.3,91.2,90.1,88.9,87.8,86.7,85.7,84.7,83.6,82.5,81.4,80.1,78.8,77.3,75.8,74.2,72.5,70.9,69.2,67.6,65.9,64.1,62.2,60.2,58.1,56.1,54,52.1,50.2,48.4,46.6,44.8,43.1,41.5,40,38.5,37,35.7,34.5,33.3,32.2,31.2,30.1,29.1,28.1,27.1,26.1,25.1,24.2,23.4,22.4,21.4,20.4,19.5,18.7,17.9,17.2,16.6,,
Nauru,NRU,"Mortality rate, neonatal (per 1,000 live births)",SH.DYN.NMRT,,,,,,,,,,,,,,,,,,,,,,,,,,,,,,33.3,32.3,31.4,30.4,29.6,28.7,27.8,27,26.2,25.5,24.8,24.3,23.7,23.3,22.9,22.3,21.6,20.8,19.8,18.7,17.5,16.2,14.7,13.2,11.8,10.5,9.4,8.5,7.7,7.1,6.5,6,5.5,5.1,4.8,,
New Zealand,NZL,"Mortality rate, neonatal (per 1,000 live births)",SH.DYN.NMRT,,,,,,,,,11.1,10.8,10.6,10.4,10.2,9.8,9.4,9,8.4,7.9,7.3,6.8,6.3,5.9,5.6,5.3,5.1,4.9,4.7,4.6,4.5,4.4,4.3,4.2,4,3.8,3.6,3.5,3.5,3.5,3.5,3.5,3.5,3.5,3.5,3.4,3.3,3.1,3,2.9,3,3.1,3.2,3.3,3.3,3.3,3.3,3.2,3.1,3.1,3,2.9,2.9,2.8,2.8,2.7,,
OECD members,OED,"Mortality rate, neonatal (per 1,000 live births)",SH.DYN.NMRT,,,,,,,,,,,,,,,,,,,,,,,,,,,,,,,10.5855771235393,10.2611595820229,9.91479443946852,9.61610095438571,9.30864554148102,8.96262916023621,8.55146580345206,8.16469495799341,7.79388913004355,7.46866770361445,7.04985929092266,6.73706862353023,6.41123353124351,6.07275249101617,5.78368356785893,5.53164144333899,5.2831177447792,5.07633032225139,4.91708839285779,4.80825286985293,4.65288705792656,4.55382301351148,4.4518177011852,4.36781962093415,4.29019607189888,4.1816229059454,4.13233610081485,4.13191898044768,4.12649450929202,4.06547182572433,3.97900230658745,3.88091729119145,3.79412285449037,3.7354775555715,,
Oman,OMN,"Mortality rate, neonatal (per 1,000 live births)",SH.DYN.NMRT,,,,,,,,,,,,51.7,50.1,48.3,46.6,44.8,42.9,41,38.9,36.8,34.6,32.4,30.2,28,26.1,24.3,22.8,21.4,20,18.8,17.6,16.2,14.5,13.1,11.9,10.8,9.9,9.2,8.5,7.9,7.4,6.9,6.5,6.2,6,5.8,5.6,5.5,5.4,5.4,5.3,5.3,5.2,5.1,5.1,5.1,5.1,5,5,4.9,4.9,4.8,4.8,4.7,,
Other small states,OSS,"Mortality rate, neonatal (per 1,000 live births)",SH.DYN.NMRT,,,,,,,,,,,,,,,,,,,,,,,,,,,,,,,29.1254394464776,28.9043970135302,28.3847887089816,27.9433429588949,27.7039423982923,27.4372368114868,26.9498219184047,26.5650188735955,26.201675452813,25.6782011212643,24.0287833937348,23.649333148993,23.1697914390795,22.6641239130337,22.0203153317234,21.5131252481143,20.9936719611138,20.51284360807,19.9803222889017,19.5876486188239,19.2622130952755,18.999481054887,18.5727914744711,18.3434239939529,17.9882312748097,17.6759246099908,17.3367966331178,17.1306084399297,16.8892669077143,16.6497389839473,16.369353611047,16.0404066317712,15.8848716755951,15.5994028676474,,
Pakistan,PAK,"Mortality rate, neonatal (per 1,000 live births)",SH.DYN.NMRT,86.9,85.2,83.6,82.2,80.8,79.6,78.5,77.5,76.7,76,75.2,74.6,74.1,73.6,73.1,72.8,72.4,72,71.6,71.1,70.5,69.8,69.1,68.3,67.3,66.5,65.7,65.2,64.8,64.5,64.3,64,63.7,63.3,62.6,61.8,61,60.1,59.1,58,57,56,55.1,54.3,53.6,52.9,52.2,51.7,51.1,50.5,49.8,49.1,48.2,47.2,46.3,45.3,44.3,43.3,42.4,41.4,40.5,39.5,38.5,37.6,,
Panama,PAN,"Mortality rate, neonatal (per 1,000 live births)",SH.DYN.NMRT,40.5,40,39.3,38.7,38,37.2,36.2,35.3,34.3,33.2,31.9,30.7,29.4,28.2,27,26,25,24.3,23.7,23.1,22.4,21.8,21.2,20.5,19.8,19,18.2,17.4,16.8,16.1,15.6,15.1,14.7,14.4,14.1,13.8,13.6,13.3,13,12.6,12.2,11.7,11.3,10.8,10.4,9.9,9.5,9.1,8.7,8.4,8.1,7.9,7.6,7.5,7.4,7.4,7.4,7.5,7.6,7.5,7.4,7.1,6.9,6.6,,
Peru,PER,"Mortality rate, neonatal (per 1,000 live births)",SH.DYN.NMRT,56.3,55.3,54.2,53.1,52,51,49.9,48.9,47.8,46.6,45.9,44,42.8,41.6,40.5,39.6,38.8,38.1,37.7,37.3,37,36.7,36.2,35.5,34.5,33.4,32.2,31,29.8,28.8,27.8,26.8,25.7,24.5,23.2,21.8,20.5,19.2,17.9,16.8,15.8,14.8,13.9,13.2,12.7,12.1,11.6,11,10.5,10,9.6,9.2,8.9,8.6,8.4,8.3,8.2,8.2,8.2,8.2,8.1,8,7.9,7.8,,
Philippines,PHL,"Mortality rate, neonatal (per 1,000 live births)",SH.DYN.NMRT,25.2,25.3,25.3,25.3,25.4,25.4,25.3,25.2,25.1,25,25,24.9,24.8,24.7,24.6,24.7,24.7,24.8,24.8,24.7,24.5,24.2,23.8,23.3,22.8,22.3,21.7,21,20.3,19.6,18.9,18.4,17.9,17.6,17.2,17,16.9,16.8,16.8,16.8,16.7,16.6,16.3,16,15.7,15.3,15,14.7,14.4,14.1,13.8,13.6,13.5,13.4,13.4,13.5,13.6,13.8,14.1,14.3,14.4,14.4,14.2,14,,
Palau,PLW,"Mortality rate, neonatal (per 1,000 live births)",SH.DYN.NMRT,,,,,,,,,,,,,,,,,,,,,,,,,,,,,,19.4,19,18.7,18.3,17.8,17.4,16.9,16.3,15.8,15.3,14.7,14.2,13.8,13.3,12.8,12.3,11.9,11.5,11.1,10.8,10.6,10.5,10.5,10.6,10.8,11.1,11.4,11.8,12.1,12.3,12.4,12.3,12.2,12,11.7,,
Papua New Guinea,PNG,"Mortality rate, neonatal (per 1,000 live births)",SH.DYN.NMRT,,,,,,,,,,,,,,,43.1,41.9,40.6,39.4,38.3,37.3,36.5,35.8,35.3,34.7,34.1,33.5,32.9,32.5,32.1,32,32.1,32.3,32.4,32.4,32.3,32.1,32,31.7,31.4,31,30.5,30,29.5,29,28.7,28.3,28,27.8,27.4,27,26.5,26.1,25.6,25.1,24.6,24.2,23.7,23.3,22.9,22.3,21.8,21.4,21,20.5,,
Poland,POL,"Mortality rate, neonatal (per 1,000 live births)",SH.DYN.NMRT,,,,,,,,,,18.7,18.3,17.7,17.2,16.7,16.2,15.8,15.3,14.8,14.4,14,13.9,13.8,13.7,13.4,13.2,12.9,12.6,12.3,12,11.6,11.1,10.7,10.5,10.4,10.2,9.6,8.7,7.8,7,6.3,5.8,5.4,5.2,5,4.8,4.6,4.4,4.2,4,3.8,3.6,3.4,3.2,3.1,3,2.9,2.8,2.8,2.8,2.7,2.7,2.7,2.5,2.4,,
Pre-demographic dividend,PRE,"Mortality rate, neonatal (per 1,000 live births)",SH.DYN.NMRT,,,,,,,,,,,,,,,,,,,,,,,,,,,,,,,46.3216350659147,45.8972380740608,45.5157978580406,45.0908137040078,44.700034585282,44.2258831879534,43.7288696471612,43.124861910875,42.4587782788471,41.6296163366337,40.7598834443961,39.8158880203571,38.8587617986723,37.9267542421301,37.0234003050808,36.1789142543156,35.3692439637679,34.6826018211679,34.0593473040357,33.4604619749333,32.8700074022154,32.4195830366563,31.9034242411742,31.4474504183239,31.0914592351087,30.6900999719125,30.2972455732427,29.9037726390456,29.4004820796564,28.9089433792092,28.4166823999051,27.9283714709374,27.463781604122,26.8963484012405,,
Puerto Rico (US),PRI,"Mortality rate, neonatal (per 1,000 live births)",SH.DYN.NMRT,,,,,,,,,,,,,,,,,,,,,,,,,,,,,,,,,,,,,,,,,,,,,,,,,,,,,,,,,,,,,,,,,,
"Korea, Dem. People's Rep.",PRK,"Mortality rate, neonatal (per 1,000 live births)",SH.DYN.NMRT,,,,,,,,,,,,,,,,,,,,,,,,,,,,,,20.9,21.3,21.6,21.9,21.9,21.8,39.1,38.8,38.5,38.1,37.9,37.5,37.2,36.9,18.6,18.2,17.9,17.6,17.4,16.7,16.1,15.4,14.6,13.8,12.9,12.1,11.4,11,10.2,9.8,9.5,9.3,9.3,9.5,9.6,,
Portugal,PRT,"Mortality rate, neonatal (per 1,000 live births)",SH.DYN.NMRT,28.6,27.5,26.7,26.3,26.2,26,25.8,25.7,25.7,25.2,23.8,22.2,21.3,21.2,21.3,20.9,20.1,19,17.6,16.3,15.3,14.3,13.6,12.9,12.2,11.5,10.7,9.8,8.9,8,7.2,6.6,6,5.5,5.1,4.7,4.3,4,3.8,3.6,3.4,3.2,3,2.8,2.6,2.4,2.2,2.1,2.1,2.1,2.1,2.1,2.1,2.1,2.1,2.1,2.1,2,2,1.9,1.8,1.7,1.7,1.6,,
Paraguay,PRY,"Mortality rate, neonatal (per 1,000 live births)",SH.DYN.NMRT,,,,,,,,31.1,31,30.9,30.6,30.4,30.1,29.7,29.3,28.9,28.4,28,27.5,27,26.5,26.1,25.6,25.2,24.8,24.4,23.9,23.5,23,22.6,22.1,21.6,21.2,20.7,20.3,19.9,19.6,19.2,18.7,18.4,18,17.6,17.2,16.8,16.4,16,15.5,15.1,14.7,14.3,13.8,13.4,13,12.6,12.2,11.8,11.4,11.1,10.7,10.3,10,9.7,9.4,9.1,,
West Bank and Gaza,PSE,"Mortality rate, neonatal (per 1,000 live births)",SH.DYN.NMRT,,,,,,,,,,,,,,,,,,,,,,,,,,,,,24.1,23.3,22.6,21.9,21.3,20.7,20.2,19.7,19,18.4,17.9,17.4,17,16.7,16.4,16.1,15.7,15.3,14.8,14.4,13.9,13.5,13.1,12.7,12.3,12,11.6,11.2,10.8,10.5,10.1,9.7,9.4,9.1,8.8,8.7,,
Pacific island small states,PSS,"Mortality rate, neonatal (per 1,000 live births)",SH.DYN.NMRT,,,,,,,,,,,,,,,,,,,,,,,,,,,,,,,16.0187112804929,15.5279068597024,15.0654766502662,14.6402251293992,14.2757795128149,13.9317758876109,13.6585353703089,13.4486121530383,13.2133612282661,13.0017314069556,12.7706034124012,12.5534789308853,12.4124789735809,12.402474077963,12.4163421520785,12.384667802385,12.2032829581994,11.877511488384,11.4745146862907,11.1107079044321,10.7598029774403,10.5577386002954,10.4130530386913,10.3437197357632,10.3049129534474,10.326243844065,10.4431338733023,10.6301048380834,10.7716758125791,10.9554128787282,11.0471954467626,11.0243346550357,10.9390709685647,10.7539000063935,,
Post-demographic dividend,PST,"Mortality rate, neonatal (per 1,000 live births)",SH.DYN.NMRT,,,,,,,,,,,,,,,,,,,,,,,,,,,,,,,5.55495996884249,5.37622100211814,5.16231453160938,4.93976051683327,4.77351379051474,4.60186761436178,4.44492269166725,4.27662855583291,4.13019586714209,4.01544946871419,3.9043916201712,3.82452377995919,3.76581662350616,3.70006015608714,3.63147816922721,3.54259825388459,3.46551488318269,3.36605647925204,3.27464577897552,3.23234379403789,3.12103121123761,3.08993976402067,3.02421745003381,2.99247902155063,2.98856994137485,2.89919352055406,2.86331639154156,2.85169634770327,2.83679803178001,2.79551048111153,2.74268611283336,2.69688547611141,2.65523274149334,2.64785533156015,,
French Polynesia,PYF,"Mortality rate, neonatal (per 1,000 live births)",SH.DYN.NMRT,,,,,,,,,,,,,,,,,,,,,,,,,,,,,,,,,,,,,,,,,,,,,,,,,,,,,,,,,,,,,,,,,,
Qatar,QAT,"Mortality rate, neonatal (per 1,000 live births)",SH.DYN.NMRT,,,,,,,,,,,,,,,,,,,,,,,,,,,,,,12.3,11.5,10.7,10.1,9.4,8.9,8.5,8.1,7.7,7.3,6.9,6.6,6.3,6.1,5.9,5.7,5.5,5.3,5.1,4.9,4.8,4.6,4.4,4.2,4.1,3.9,3.8,3.8,3.7,3.7,3.7,3.7,3.8,3.7,3.7,,
Romania,ROU,"Mortality rate, neonatal (per 1,000 live births)",SH.DYN.NMRT,,,,,,,,,,,,,,,,,,,,,,,,,,,,,,16.6,15.7,14.8,14.1,13.8,13.7,13.5,13.2,12.6,11.9,11.1,10.4,9.9,9.6,9.4,9.1,8.5,7.7,6.9,6.3,5.8,5.5,5.3,5.1,4.9,4.7,4.3,3.9,3.6,3.3,3.2,3.1,3.1,3.2,3.3,,
Russian Federation,RUS,"Mortality rate, neonatal (per 1,000 live births)",SH.DYN.NMRT,,,,,,,,,,,,,,,,,,,,,,,,,,,,,,11.2,11,10.8,10.8,10.8,10.7,10.6,10.3,10,9.6,9.3,9,8.6,8,7.4,6.8,6.4,5.9,5.4,4.9,4.6,4.5,4.7,4.7,4.6,4.4,3.9,3.5,3.2,2.9,2.6,2.3,2,1.8,1.7,,
Rwanda,RWA,"Mortality rate, neonatal (per 1,000 live births)",SH.DYN.NMRT,62.8,62.3,61.8,61.5,61.3,61,60.9,60.8,60.6,60.6,60.5,60.6,60.8,61.2,61.9,62.5,62.8,62.7,62,60.3,57.9,55.2,52.5,50.1,48,46.3,44.6,42.9,41.5,40.8,40.9,42,44,46.3,51.2,49.4,49.7,49.3,48,45.9,43.2,40.3,37.5,34.9,32.6,30.4,28.6,27,25.6,24.4,23.3,22.4,21.6,21,20.5,20.1,19.8,19.5,19.2,19,18.7,18.5,18.3,18.1,,
South Asia,SAS,"Mortality rate, neonatal (per 1,000 live births)",SH.DYN.NMRT,,,,,,,,,,,,,,,,,,,,,,,,,,,,,,,58.8,57.6,56.4,55.2,54,52.8,51.6,50.3,49,47.6,46.2,44.8,43.5,42.2,40.9,39.8,38.8,37.8,36.8,35.8,34.9,33.8,32.7,31.6,30.6,29.5,28.4,27.5,26.4,25.3,24.3,23.4,22.6,21.8,,
Saudi Arabia,SAU,"Mortality rate, neonatal (per 1,000 live births)",SH.DYN.NMRT,,,,,,,,,,,,,,,,,,,,,,,,,,,,,,23.3,22.1,21,19.9,18.6,17.3,16.1,15,14.1,13.2,12.4,11.6,10.9,10.3,9.7,9.2,8.6,8.1,7.6,7.2,6.7,6.3,6,5.6,5.2,4.9,4.5,4.2,3.9,3.7,3.5,3.3,3.2,3.1,3,,
Sudan,SDN,"Mortality rate, neonatal (per 1,000 live births)",SH.DYN.NMRT,,,,,,,,,,46.8,46.6,46.4,46.2,46.1,45.8,45.7,45.6,45.5,45.4,45.3,45.3,45.2,45.1,45.7,45.6,45.4,44.5,44.1,43.7,43.2,42.7,42.2,41.6,41.1,40.6,40,39.4,38.8,38.1,37.5,36.9,36.2,35.5,34.8,34.4,33.8,33,32.6,32.2,31.8,31.4,31,30.6,30.2,29.7,29.1,28.5,28,27.5,27,26.4,25.9,25.4,24.8,,
Senegal,SEN,"Mortality rate, neonatal (per 1,000 live births)",SH.DYN.NMRT,64.3,63.1,61.9,60.8,59.5,58.3,57.2,56.1,55.2,54.5,54,53.5,53,52.5,52,51.2,50.3,49.2,48.2,47.3,46.6,46.1,45.6,45.1,44.4,43.5,42.6,41.7,41,40.5,40.3,40.2,40.2,40.2,40.2,40.1,40,39.8,39.3,38.6,37.6,36.5,35.3,34.1,32.8,31.6,30.5,29.5,28.6,27.7,27,26.4,26,25.9,26.1,26.4,26.8,26.9,26.7,26.2,25.3,24.2,23.2,22.3,,
Singapore,SGP,"Mortality rate, neonatal (per 1,000 live births)",SH.DYN.NMRT,,,,,,,,,16.3,15.6,15.1,14.6,14.1,13.1,11.8,10.6,9.8,9.4,9.2,8.9,8.6,8.1,7.6,7.1,6.8,6.4,6,5.5,5,4.5,4.1,3.6,3.1,2.7,2.4,2.2,2.1,2,1.9,1.7,1.6,1.5,1.4,1.3,1.3,1.3,1.2,1.2,1.2,1.2,1.1,1.1,1.1,1.1,1.1,1.1,1.1,1.1,1,1,1,0.9,0.9,0.9,,
Solomon Islands,SLB,"Mortality rate, neonatal (per 1,000 live births)",SH.DYN.NMRT,,,,,,,,,,,,,,,,,,,,,,,,,,,,,,15.2,14.9,14.6,14.2,13.8,13.5,13.3,13.1,13,13,12.9,12.8,12.7,12.5,12.4,12.3,12.1,11.9,11.7,11.5,11.3,11,10.8,10.6,10.5,10.3,10.1,9.9,9.8,9.5,9.3,9.1,8.8,8.6,8.3,,
Sierra Leone,SLE,"Mortality rate, neonatal (per 1,000 live births)",SH.DYN.NMRT,,,,,,,,,,,,,,,,,,,,,,,,,,,,,,52.4,52.1,51.9,51.7,51.4,51.2,50.8,50.5,49.9,49.4,48.7,48.1,47.4,46.7,46.1,45.4,44.6,43.7,42.6,41.5,40.3,39.1,38,37,36.1,35.3,34.5,33.6,32.9,32.2,31.6,30.9,30.3,29.8,29.3,,
El Salvador,SLV,"Mortality rate, neonatal (per 1,000 live births)",SH.DYN.NMRT,,,,,,,,,,,,,,,,,,,,,,,,,,25.8,25.1,24.4,23.7,23.2,22.5,21.8,21.1,20.3,19.5,18.7,18,17.3,16.5,15.5,14.5,13.7,12.8,12.1,11.4,10.8,10.2,9.6,9.2,8.7,8.2,7.8,7.4,7,6.7,6.3,6,5.7,5.4,5.2,5,4.8,4.6,4.4,,
San Marino,SMR,"Mortality rate, neonatal (per 1,000 live births)",SH.DYN.NMRT,,,,,,,,,,,,,,,,,,,,,,,,,,,,,,7.4,6.7,6.1,5.6,5.1,4.6,4.2,3.8,3.4,3.1,2.8,2.6,2.4,2.1,2,1.8,1.7,1.5,1.4,1.3,1.3,1.2,1.1,1.1,1,0.9,0.9,0.8,0.8,0.8,0.7,0.7,0.7,0.6,0.6,,
Somalia,SOM,"Mortality rate, neonatal (per 1,000 live births)",SH.DYN.NMRT,,,,,,,,,,,,,,,,,,,,,,,,48.5,48,47.6,47.3,47.1,46.7,46.1,45.6,49.7,49.6,44.6,44.6,44.5,44.5,44.4,44.6,44.7,44.9,45.2,45.4,45.6,45.8,45.8,45.9,45.7,45.3,44.5,44.4,46.7,43,41.6,41,40.3,39.5,39.4,38.2,37.3,36.8,36.1,36.1,34.9,,
Serbia,SRB,"Mortality rate, neonatal (per 1,000 live births)",SH.DYN.NMRT,,,,,,,,,,,,,,,,,,,,,,,,,,,,,,19.1,17.5,16.1,15,14.2,13.2,12.1,10.8,9.6,8.8,8.2,7.7,7.4,7,6.5,6,5.6,5.3,5.1,4.9,4.8,4.7,4.6,4.5,4.3,4.2,4,3.8,3.7,3.6,3.5,3.4,3.3,3.3,3.2,,
Sub-Saharan Africa (excluding high income),SSA,"Mortality rate, neonatal (per 1,000 live births)",SH.DYN.NMRT,,,,,,,,,,,,,,,,,,,,,,,,,,,,,,,43.7794213541407,43.4262101364621,43.1430658489484,42.7479263439206,42.5132256336873,42.0023921597359,41.5807796454337,41.059059409063,40.4332590923935,39.6264272306854,38.8300598301849,37.9755858444211,37.0807412736258,36.175347669454,35.3180024512991,34.5523038721641,33.8329984834986,33.2247538019415,32.6503976468241,32.1798842894225,31.672365194132,31.2820623214056,30.7939791032604,30.3846831784486,30.0706708021393,29.7057180222812,29.3540700156416,28.9969806791877,28.5308272213253,28.0766696549558,27.619894949739,27.1722409776301,26.750099334319,26.2320381880401,,
South Sudan,SSD,"Mortality rate, neonatal (per 1,000 live births)",SH.DYN.NMRT,,,,,,,,,,,,,,,,,,,,,,,,,,,,,,65.8,65.2,64.6,64.8,64.1,61.8,62.1,61.4,60.4,62.4,57.6,56.5,55.2,53.9,52.6,51.3,50,48.8,47.5,46.1,44.7,43.2,42.1,41.2,40.7,41.9,42.7,43.2,43.5,41,40.4,40.3,40.3,40.3,40.2,,
Sub-Saharan Africa,SSF,"Mortality rate, neonatal (per 1,000 live births)",SH.DYN.NMRT,,,,,,,,,,,,,,,,,,,,,,,,,,,,,,,45.4,45,44.7,44.2,43.9,43.3,42.7,42.1,41.4,40.6,39.8,38.9,38,37.1,36.2,35.5,34.7,34.1,33.4,32.9,32.3,31.9,31.3,30.8,30.5,30.1,29.7,29.3,28.8,28.3,27.8,27.3,26.9,26.3,,
Small states,SST,"Mortality rate, neonatal (per 1,000 live births)",SH.DYN.NMRT,,,,,,,,,,,,,,,,,,,,,,,,,,,,,,,25.3748738768619,25.1091409082606,24.6556052056086,24.1755094613332,23.8855136535561,23.523374173804,23.1035012303143,22.7315763450442,22.4036150422591,21.9887092374255,20.7803851876807,20.4530011761594,20.1204725514354,19.7759913219959,19.3364185770242,18.9562084092293,18.5431078671093,18.1322676453445,17.6881026399787,17.3308531336922,17.0291408528459,16.7785107426665,16.4253991434389,16.1950471944945,15.8972825901732,15.6463093329816,15.4029657199617,15.239386079192,15.0497728091893,14.8951829132443,14.6789873554135,14.4213446314078,14.2246080450782,13.9418227426286,,
Sao Tome and Principe,STP,"Mortality rate, neonatal (per 1,000 live births)",SH.DYN.NMRT,,,,,,,,,,,,,,,,,,,,,,,,,,26.2,26.6,26.4,26.5,26.3,26.2,25.9,25.6,25.1,24.6,24.1,23.6,23.2,22.9,22.6,22.2,21.7,21.2,20.5,19.8,19.1,18.5,18,17.4,16.9,16.2,15.2,14.1,13.1,12,11.1,10.2,9.4,8.7,8.2,7.8,7.4,7.1,6.8,,
Suriname,SUR,"Mortality rate, neonatal (per 1,000 live births)",SH.DYN.NMRT,,,,,,,,,,,,,,,,,,,,,,,,,,,,,,21,20.6,20.2,19.8,19.4,19,18.7,18.3,17.8,17.4,17.1,16.9,16.9,17,17,17,16.9,16.6,16.2,15.8,15.3,14.8,14.4,14,13.6,13.2,12.9,12.5,12.1,11.7,11.3,11,10.6,10.3,9.9,,
Slovak Republic,SVK,"Mortality rate, neonatal (per 1,000 live births)",SH.DYN.NMRT,,,,,,,,,,,,,,,,,,,,,,,12.4,11.8,11.3,10.7,10.2,9.7,9.3,9,8.7,8.4,8.2,7.9,7.5,7.1,6.5,6,5.6,5.2,5,4.8,4.5,4.3,4.1,3.9,3.7,3.5,3.4,3.3,3.3,3.3,3.2,3.2,3.1,3.1,3,3,3,3,3,3,3,3,,
Slovenia,SVN,"Mortality rate, neonatal (per 1,000 live births)",SH.DYN.NMRT,,,,,,,,,,,,,,,,,,,,,,,10.6,10,9.4,8.7,8.1,7.4,6.8,6.2,5.8,5.3,4.9,4.6,4.3,4,3.8,3.6,3.5,3.4,3.2,3.1,2.9,2.8,2.6,2.4,2.3,2.2,2,1.9,1.9,1.8,1.7,1.7,1.6,1.6,1.5,1.5,1.4,1.4,1.4,1.3,1.3,1.3,,
Sweden,SWE,"Mortality rate, neonatal (per 1,000 live births)",SH.DYN.NMRT,13.1,12.8,12.4,11.9,11.3,10.8,10.4,10.1,9.9,9.6,9.3,8.8,8.3,7.8,7.3,6.7,6.3,5.8,5.5,5.2,4.9,4.7,4.5,4.4,4.2,4.1,4,3.9,3.8,3.6,3.5,3.4,3.2,3.1,2.9,2.7,2.6,2.4,2.4,2.3,2.3,2.3,2.2,2.1,2,1.9,1.8,1.8,1.7,1.6,1.6,1.6,1.6,1.6,1.6,1.6,1.5,1.5,1.5,1.5,1.4,1.4,1.4,1.4,,
Eswatini,SWZ,"Mortality rate, neonatal (per 1,000 live births)",SH.DYN.NMRT,,,,,,,,,,,,,,,,,,,,,,,,23.9,23.3,22.9,22.5,22.3,22.1,22,22,22.1,22.4,22.8,23.3,23.8,24.5,25.1,25.6,25.8,25.8,25.5,25.2,24.8,24.6,24.4,24.5,24.6,24.8,25,25,25.1,25.1,25.3,25.5,25.7,25.9,26.1,26.2,26,25.8,25.4,25,24.5,,
Sint Maarten (Dutch part),SXM,"Mortality rate, neonatal (per 1,000 live births)",SH.DYN.NMRT,,,,,,,,,,,,,,,,,,,,,,,,,,,,,,,,,,,,,,,,,,,,,,,,,,,,,,,,,,,,,,,,,,
Seychelles,SYC,"Mortality rate, neonatal (per 1,000 live births)",SH.DYN.NMRT,,,,,,,,,,,,,,,,,,,,,,,,,,,13.1,12.5,11.9,11.4,10.9,10.5,10.1,9.7,9.4,9.2,9,8.9,8.8,8.7,8.7,8.7,8.7,8.7,8.7,8.7,8.7,8.7,8.7,8.7,8.8,8.8,8.8,8.8,8.8,8.9,8.9,8.9,8.9,8.9,8.9,8.8,8.7,8.5,,
Syrian Arab Republic,SYR,"Mortality rate, neonatal (per 1,000 live births)",SH.DYN.NMRT,22.5,22.1,21.7,21.5,21.3,21.2,21.3,21.5,21.7,21.7,21.7,21.4,21,20.6,20.4,20.3,20.5,20.8,21.1,21.3,21.3,21.1,20.9,20.2,19.7,19.2,18.7,18.2,17.6,17.2,16.7,16.1,15.5,15,14.6,14.1,13.7,13.3,12.9,12.5,12.2,11.9,11.6,11.3,11,10.8,10.6,10.4,10.3,10.2,10.1,10.2,10.4,10.5,10.6,10.7,10.8,10.9,11,10.9,10.7,10.5,10.3,10,,
Turks and Caicos Islands,TCA,"Mortality rate, neonatal (per 1,000 live births)",SH.DYN.NMRT,,,,,,,,,,,,,,,,,,,,,,,,,,,,,,10.5,9.9,9.3,8.8,8.3,7.8,7.4,7,6.6,6.3,6,5.7,5.5,5.2,5,4.8,4.6,4.5,4.3,4.2,4.1,4,3.9,3.8,3.7,3.6,3.6,3.5,3.4,3.4,3.3,3.2,3.1,3,2.9,,
Chad,TCD,"Mortality rate, neonatal (per 1,000 live births)",SH.DYN.NMRT,,,,,,,,,,,,,,61.6,61.6,61.7,61.6,61.4,61,60.5,59.8,59.2,58.5,57.9,57.1,56.4,55.7,54.8,53.8,52.8,51.7,50.7,49.8,49.2,48.7,48.2,47.5,46.8,45.9,44.9,44,43.1,42.2,41.4,40.6,39.9,39.4,38.9,38.6,38.3,38,37.6,37.3,36.8,36.3,35.7,35.2,34.7,34.1,33.6,33,32.5,31.9,31.4,,
East Asia & Pacific (IDA & IBRD countries),TEA,"Mortality rate, neonatal (per 1,000 live births)",SH.DYN.NMRT,,,,,,,,,,,,,,,,,,,,,,,,,,,,,,,29.1069481633658,28.663074960952,28.1336858632259,27.511701670816,26.7461690363461,25.9062699776189,24.9674720760885,24.0106166539346,23.0646167933365,22.1949765264174,21.2518393678725,20.1225559760514,19.0012253860637,17.8993388065319,16.7621425889827,15.7268410582088,14.7255897190225,13.8542614941732,12.9831194772651,12.1364754426039,11.4944808861387,10.8554531612869,10.1685183877644,9.72384655063733,9.12905615487236,8.83089131878115,8.3457010707342,7.90242405717985,7.95497905173353,7.73864486621104,7.90199687813184,7.86266203637526,7.85154272852619,7.70654507468329,,
Europe & Central Asia (IDA & IBRD countries),TEC,"Mortality rate, neonatal (per 1,000 live births)",SH.DYN.NMRT,,,,,,,,,,,,,,,,,,,,,,,,,,,,,,,19.7537980556451,19.7110675959168,19.741355354501,19.8155988664717,19.4892175971064,19.2204257708138,18.670166912463,18.1709911915751,17.4882378352314,16.8457246994877,16.0300331445091,15.2074987068885,14.3599858498629,13.4966759758832,12.8683100506341,12.2769278701465,11.59893456114,10.8942446064041,10.1318639956764,9.46678984883021,8.96512004000723,8.58591253212028,8.13130902846133,7.76781313131688,7.39311243147881,7.00155450176379,6.65020358847214,6.44592473381542,6.28997578574538,6.15744180569692,5.97360464645948,5.80793471887857,5.68706317852862,5.52846486099382,,
Togo,TGO,"Mortality rate, neonatal (per 1,000 live births)",SH.DYN.NMRT,,,,,,57.1,56.7,56.3,55.8,55.5,55.1,54.8,54.4,54.1,53.5,53,52.3,51.6,50.8,50,49.3,48.6,48.1,47.6,47.1,46.6,46.1,45.5,44.9,44.3,43.7,43.1,42.5,41.9,41.3,40.6,39.8,39.1,38.3,37.5,36.7,35.9,35,34.3,33.5,32.8,32.1,31.4,30.7,30.1,29.5,28.9,28.4,27.8,27.4,26.8,26.4,25.9,25.4,24.9,24.5,24,23.5,23.1,,
Thailand,THA,"Mortality rate, neonatal (per 1,000 live births)",SH.DYN.NMRT,57.2,56.5,55.7,54.8,53.8,52.8,51.7,50.6,49.3,47.9,46.4,44.8,43.1,41.5,40,38.4,36.9,35.3,33.8,32.4,31,29.6,28.3,27.1,26.1,25,24.1,23.3,22.5,21.6,20.7,19.6,18.5,17.5,16.6,15.7,14.9,14.1,13.4,12.8,12.1,11.5,11,10.5,10,9.6,9.2,8.8,8.4,8.1,7.8,7.5,7.2,7,6.8,6.6,6.4,6.2,6,5.8,5.7,5.5,5.4,5.2,,
Tajikistan,TJK,"Mortality rate, neonatal (per 1,000 live births)",SH.DYN.NMRT,,,,,,,,,,,,,,,,,,,,,,,,,,,,,,31.4,30.8,30.5,30.5,30.4,30.3,30.2,30.2,30.1,29.8,29.1,28.2,27.1,25.9,24.7,23.8,23,22.4,22,21.4,20.8,20,19.2,18.3,17.5,16.8,16.3,15.8,15.4,14.9,14.4,14,13.6,13.1,12.6,,
Turkmenistan,TKM,"Mortality rate, neonatal (per 1,000 live births)",SH.DYN.NMRT,,,,,,,,,,,,,,,,,,,,,,,,,,,,,25.9,26.1,26.6,27.3,27.9,28.7,29.3,29.8,30.2,30.4,30.3,30.1,29.7,29.1,28.5,27.7,26.8,25.9,25.1,24.4,23.9,23.5,23.3,23.1,23.1,23.2,23.4,23.7,24.1,24.3,24.4,24.3,24,23.6,23.3,22.8,,
Latin America & the Caribbean (IDA & IBRD countries),TLA,"Mortality rate, neonatal (per 1,000 live births)",SH.DYN.NMRT,,,,,,,,,,,,,,,,,,,,,,,,,,,,,,,22.8019720541772,22.108248149583,21.4774101304186,20.7919441114095,20.1311494408581,19.4617957795256,18.7709105224388,18.0857119057056,17.4292519068852,16.822006743165,16.1086656132177,15.4005599243356,14.6760848193862,14.0141090977547,13.4649681008557,12.9496808174694,12.5096483243414,12.1179641394955,11.7965779530396,11.4958432466103,11.2481438168304,10.9385017492697,10.69579890896,10.4398480371948,10.1867703220149,10.1840488532734,10.2758543286276,9.98922715778894,9.85806111229109,9.77902161422552,9.66896269898607,9.44011678855419,9.08855406646386,8.69764499307054,,
Timor-Leste,TLS,"Mortality rate, neonatal (per 1,000 live births)",SH.DYN.NMRT,,,,,,,,,,,,,,,,,,,,,,,,,,,62.3,60.9,60,58.8,57.6,56.1,54.2,52.2,50.2,48.4,46.5,44.6,43,41.8,38.8,37.2,35.7,34.2,32.9,31.8,30.7,29.8,29.1,28.4,27.7,27.1,26.5,25.9,25.4,25,24.7,24.4,24.1,23.8,23.4,23,22.6,22.2,,
"Middle East, North Africa, Afghanistan & Pakistan (IDA & IBRD)",TMN,"Mortality rate, neonatal (per 1,000 live births)",SH.DYN.NMRT,,,,,,,,,,,,,,,,,,,,,,,,,,,,,,,44.3976524303258,44.0111459215848,43.7810009878656,43.6583445142227,43.5241506114639,43.2134994433794,42.82210435845,42.2225632773316,41.4889130235369,40.7977796977586,40.0295565800491,39.0760666181218,38.2332287591452,37.4757906656651,36.5641359458748,35.7233577358294,34.9877180041535,34.2628938564409,33.5472887748832,32.9079470263657,32.1849458453354,31.3750016264899,30.4776409187916,29.5750691307379,28.798177931438,28.0819247577627,27.4634839477087,26.958476460923,26.7410905971771,26.3785294179263,25.8848594334442,25.4141788661805,24.8291140238012,24.2135025668095,,
Tonga,TON,"Mortality rate, neonatal (per 1,000 live births)",SH.DYN.NMRT,,,,,,,,,,,,,,,,,,,,,,,,,,,,,,10.2,9.8,9.4,9,8.7,8.4,8.2,8,7.8,7.6,7.4,7.2,7,6.8,6.6,6.4,6.2,6.1,5.9,5.8,5.6,5.5,5.4,5.3,5.3,5.2,5.2,5.1,5,4.9,4.8,4.7,4.6,4.5,4.3,,
South Asia (IDA & IBRD),TSA,"Mortality rate, neonatal (per 1,000 live births)",SH.DYN.NMRT,,,,,,,,,,,,,,,,,,,,,,,,,,,,,,,57.6678825679281,56.3093478071289,54.8559507578434,53.5130823467849,52.170439161276,50.9271406922817,49.6065447599347,48.3079794288977,46.9214002690598,45.4489890679891,43.9638712349609,42.493715146248,41.0497677769251,39.6334588481468,38.2364845126231,37.0106251506319,35.8032164334963,34.6071231827068,33.4365614969743,32.2821832762157,31.1037895390053,29.9427381079102,28.7630934415079,27.6785146559188,26.5046897549808,25.4288236555611,24.3454727139357,23.2381325474932,22.1539394343178,20.9137160008565,19.7948748919069,18.7973436342114,17.901181371033,17.2019084084424,,
Sub-Saharan Africa (IDA & IBRD countries),TSS,"Mortality rate, neonatal (per 1,000 live births)",SH.DYN.NMRT,,,,,,,,,,,,,,,,,,,,,,,,,,,,,,,45.4182619612229,45.0276370574381,44.6971327799644,44.2253474583825,43.877063304874,43.2604959423177,42.7351008548655,42.1279676188365,41.4439526494129,40.6097736827851,39.7931697695132,38.9187468809609,38.0176321339063,37.1010494798994,36.2427400061577,35.4653764090365,34.7230200035998,34.071875899656,33.4463563129819,32.89660195959,32.3317574660086,31.8671560764013,31.3132868816829,30.8534036611117,30.4889311875708,30.0896795441577,29.6933143519637,29.2985371545739,28.7967189074168,28.3041313263989,27.8253004075417,27.3423685538423,26.8825832855161,26.3460887515183,,
Trinidad and Tobago,TTO,"Mortality rate, neonatal (per 1,000 live births)",SH.DYN.NMRT,37.9,37.1,36.4,35.7,35,34.4,33.7,33.2,32.6,32.1,31.6,31,30.5,29.9,29.4,28.8,28.3,27.7,27.2,26.7,26.2,25.8,25.3,24.8,24.4,23.9,23.4,22.9,22.6,22.2,21.9,21.6,21.4,21.1,20.9,20.7,20.5,20.3,20.1,19.9,19.7,19.4,19.2,18.9,18.6,18.3,18,17.7,17.4,17.1,16.8,16.5,16.2,15.9,15.6,15.4,15.1,14.8,14.5,14.2,13.9,13.6,13.2,12.9,,
Tunisia,TUN,"Mortality rate, neonatal (per 1,000 live births)",SH.DYN.NMRT,,,,,,52.1,51.3,50.5,49.7,49,48.2,47.2,46.1,44.9,43.4,42,40.5,39,37.6,36.3,35.2,34.2,33.2,32.3,31.4,30.5,29.8,29.1,28.5,27.9,27.4,26.8,26.2,25.4,24.5,23.5,22.4,21.3,19.8,18.4,17.2,16.1,15.2,14.5,13.8,13.3,12.9,12.5,12.3,12.1,12,12,12,12,12.1,12.1,12.1,11.9,11.6,11.1,10.4,9.7,9,8.4,,
Turkiye,TUR,"Mortality rate, neonatal (per 1,000 live births)",SH.DYN.NMRT,64.1,63.1,62.1,61.1,60.1,59.2,58.4,57.7,57.1,56.4,55.8,55,54.2,53.4,52.3,51.1,49.8,48.4,47,45.6,44.3,43,41.7,40.4,39.1,37.9,36.7,35.5,34.4,33.2,31.8,30.4,28.9,27.3,25.8,24.4,23,21.8,20.6,19.6,18.5,17.2,16,14.8,13.7,12.8,11.8,11,10.2,9.4,8.8,8.2,7.7,7.2,6.8,6.5,6.3,6,5.8,5.6,5.4,5.2,5,4.9,,
Tuvalu,TUV,"Mortality rate, neonatal (per 1,000 live births)",SH.DYN.NMRT,,,,,,,,,,,,,,,,,,,,,,,,,,,,,,28.8,28.6,28.5,28.2,27.9,27.6,27.1,26.6,26.1,25.6,25.1,24.6,24.4,24.1,23.7,23.2,22.5,21.5,20.2,18.9,17.6,16.4,15.3,14.4,13.6,12.9,12.3,11.7,11.2,10.7,10.3,10,9.6,9.3,9,,
Tanzania,TZA,"Mortality rate, neonatal (per 1,000 live births)",SH.DYN.NMRT,,,,,,,,,47.9,47.1,46,45,44,43.3,42.9,42.8,42.9,43.2,43.3,43.4,43.4,43.5,43.5,43.4,43,42.5,42,41.6,41,40.4,39.7,39,38.4,37.8,37.2,36.7,36,35.3,34.6,33.8,32.8,31.8,30.6,29.6,28.6,27.7,27,26.3,25.8,25.3,24.8,24.4,24,23.8,23.7,23.5,23.4,23.3,23.1,22.7,22.2,21.6,21.1,20.6,,
Uganda,UGA,"Mortality rate, neonatal (per 1,000 live births)",SH.DYN.NMRT,,,,,,59.8,58.7,57.6,56.4,55.2,54.1,53.1,52.4,52,51.8,51.9,52.1,52.5,52.8,52.8,52.4,51.6,50.3,48.9,47.4,45.8,44.3,42.9,41.6,40.4,39.3,38.1,37.1,36.2,35.5,35,34.7,34.3,33.8,33.2,32.4,31.5,30.6,29.6,28.8,28.1,27.5,26.9,26.3,25.7,25.1,24.6,24,23.4,22.7,22,21.4,20.7,20.2,19.7,19.2,18.7,18.4,17.9,,
Ukraine,UKR,"Mortality rate, neonatal (per 1,000 live births)",SH.DYN.NMRT,,,,,,,,,,,,,,,,,,,,,,,,,14.1,13.5,13,12.6,12.2,12,11.8,11.8,11.8,11.9,12.1,12.2,12.3,12.1,11.9,11.5,11,10.5,9.9,9.4,9,8.6,8.3,8,7.6,7.3,6.9,6.6,6.3,6,5.8,5.6,5.4,5.3,5.1,5,4.9,4.9,4.8,4.7,,
Upper middle income,UMC,"Mortality rate, neonatal (per 1,000 live births)",SH.DYN.NMRT,,,,,,,,,,,,,,,,,,,,,,,,,,,,,,,27.1,26.5,25.9,25.2,24.5,23.7,22.8,21.9,21,20.2,19.4,18.3,17.3,16.2,15.3,14.4,13.6,12.8,12.1,11.4,10.8,10.3,9.7,9.2,8.8,8.4,8.1,7.7,7.7,7.5,7.6,7.5,7.4,7.2,,
Uruguay,URY,"Mortality rate, neonatal (per 1,000 live births)",SH.DYN.NMRT,,,,,,,,,,,22.7,23.9,25.5,26.6,26.3,24.8,22.9,21.5,20.2,19,17.9,16.8,15.5,14.7,14.1,13.6,13.2,12.6,12.2,11.8,11.6,11.6,11.6,11.4,11,10.3,9.6,9.1,8.8,8.6,8.4,8.3,8.2,8.1,7.7,7.3,6.7,6.1,5.5,5.2,4.9,4.9,5,5.1,5.1,5,4.9,4.9,4.9,4.8,4.7,4.6,4.3,4.1,,
United States,USA,"Mortality rate, neonatal (per 1,000 live births)",SH.DYN.NMRT,,,,,,,,,15.9,15.5,15,14.4,13.6,12.8,12.1,11.5,10.9,10.1,9.4,8.8,8.4,8,7.7,7.4,7.2,7,6.7,6.5,6.2,6,5.8,5.6,5.4,5.2,5.1,5,4.9,4.8,4.7,4.7,4.6,4.6,4.6,4.6,4.6,4.5,4.4,4.3,4.2,4.2,4.1,4.1,4,4,4,3.9,3.8,3.8,3.8,3.7,3.6,3.5,3.4,3.4,,
Uzbekistan,UZB,"Mortality rate, neonatal (per 1,000 live births)",SH.DYN.NMRT,,,,,,,,,,,,,,,,,,,,,,,,,,,,,,30.9,30.6,30.6,30.6,30.6,30.6,30.5,30.4,30.1,29.7,29.1,28.4,27.6,26.7,25.6,24.5,23.4,22.2,21,19.6,18,16.5,15.1,13.9,12.8,11.8,11,10.3,9.7,9.3,8.9,8.5,8.2,7.9,7.6,,
St. Vincent and the Grenadines,VCT,"Mortality rate, neonatal (per 1,000 live births)",SH.DYN.NMRT,,,,,,,,,,,21.7,22.3,22.6,22.6,22.4,22.4,22.7,22.8,22.5,21.8,20.6,19.2,17.9,17,16.1,15.2,14.4,13.8,13.3,12.9,12.7,12.5,12.5,12.6,12.7,12.9,13,13.1,13.2,13.2,13.3,13.4,13.5,13.6,13.6,13.6,13.6,13.5,13.4,13.2,12.9,12.4,11.8,11.1,10.4,9.6,9,8.3,7.7,7.2,6.7,6.4,6.1,5.8,,
"Venezuela, RB",VEN,"Mortality rate, neonatal (per 1,000 live births)",SH.DYN.NMRT,,,,,,,,,,,,,,,,,,,,,,,,,,,,,,12.5,12.8,13.6,14.4,14.4,13.7,12.8,11.9,11.3,11.1,11.1,10.8,10.3,9.8,9.9,10.2,10.3,10.2,10.1,10.2,10.4,10.7,10.9,11.1,11.3,11.5,14.6,15,15,15,15,15,15,15,15,,
British Virgin Islands,VGB,"Mortality rate, neonatal (per 1,000 live births)",SH.DYN.NMRT,,,,,,,,,,,,,,,,,,,,,,,,,,,,,,12.9,12.3,11.7,11.2,10.8,10.4,10.1,9.8,9.6,9.3,9.2,9,8.9,8.7,8.6,8.5,8.4,8.4,8.4,8.3,8.3,8.3,8.3,8.3,8.3,8.2,8.1,8,7.8,7.7,7.5,7.3,7.1,6.8,6.6,,
Virgin Islands (U.S.),VIR,"Mortality rate, neonatal (per 1,000 live births)",SH.DYN.NMRT,,,,,,,,,,,,,,,,,,,,,,,,,,,,,,,,,,,,,,,,,,,,,,,,,,,,,,,,,,,,,,,,,,
Viet Nam,VNM,"Mortality rate, neonatal (per 1,000 live births)",SH.DYN.NMRT,,,,,,,,,,,,,,,28.8,28,27.7,27.3,26.9,26.6,26.2,25.9,25.6,25.4,25.3,25.2,25.1,24.9,24.6,24.2,23.6,23,22.3,21.5,20.7,19.8,18.9,17.8,16.7,15.8,15,14.3,13.7,13.2,12.8,12.5,12.3,12.1,12,11.8,11.7,11.6,11.5,11.4,11.3,11.2,11.1,11,10.9,10.8,10.7,10.6,10.5,10.3,,
Vanuatu,VUT,"Mortality rate, neonatal (per 1,000 live births)",SH.DYN.NMRT,,,,,,,,,,,,,,,,,,,,,,,,,,,,,,20.6,19.9,19.1,18.5,18,17.6,17.2,16.9,16.6,16.2,15.5,14.4,13.1,12.3,11.8,11.4,11.1,10.9,10.6,10.2,9.9,9.6,9.7,10,10.4,10.7,10.9,10.9,10.6,10.3,9.9,9.5,9.2,8.9,8.7,,
World,WLD,"Mortality rate, neonatal (per 1,000 live births)",SH.DYN.NMRT,,,,,,,,,,,,,,,,,,,,,,,,,,,,,,,36.7,36.5,36,35.6,35,34.5,33.8,33.1,32.4,31.6,30.7,29.9,29,28,27,26.2,25.3,24.5,23.7,23.1,22.5,21.9,21.1,20.6,20,19.7,19.1,18.7,18.6,18.3,18.2,17.9,17.7,17.3,,
Samoa,WSM,"Mortality rate, neonatal (per 1,000 live births)",SH.DYN.NMRT,,,,,,,,,,,,,,,,,,,,,,,,,,,,,,13.4,13,12.5,12.1,11.5,11.1,10.6,10.2,9.8,9.4,9.1,8.8,8.4,8.2,8,7.9,7.8,7.7,7.7,7.8,7.9,7.8,7.8,7.7,7.6,7.5,7.4,7.3,7.2,7.1,7,6.7,6.6,6.4,6.2,,
Kosovo,XKX,"Mortality rate, neonatal (per 1,000 live births)",SH.DYN.NMRT,,,,,,,,,,,,,,,,,,,,,,,,,,,,,,44.9,43.1,41.4,39.5,37.8,36.1,34.4,32.9,31.5,30,28.7,27.3,25.9,24.5,23.1,21.3,19.7,18.3,17,15.8,14.8,13.9,13.1,12.2,11.5,10.8,10.2,9.7,9.2,8.7,8.3,7.9,7.5,7.1,6.8,,
"Yemen, Rep.",YEM,"Mortality rate, neonatal (per 1,000 live births)",SH.DYN.NMRT,,84.8,84.2,83.4,82.7,82,80.9,79.8,78.4,76.8,75.3,73.7,72.2,70.8,69.3,67.7,66,64.3,62.4,60.5,58.7,56.7,54.7,52.8,51,49.3,47.9,46.6,45.4,44.4,43.5,42.6,41.9,41.3,40.8,40.4,39.9,39.4,38.7,37.8,36.8,35.7,34.6,33.5,32.4,31.3,30.3,29.3,28.4,27.5,26.8,26.2,25.6,25.1,24.6,24.3,23.9,23.6,23.3,23,22.6,22.2,21.8,21.4,,
South Africa,ZAF,"Mortality rate, neonatal (per 1,000 live births)",SH.DYN.NMRT,,,,,,,,,,,,,,,,28.3,27.9,27.6,27.3,26.8,26.3,25.7,25.1,24.4,23.8,23.2,22.6,22.1,21.5,21,20.6,20.1,19.7,19.3,18.7,18.1,17.3,16.4,15.3,14.3,13.5,13,12.5,12.3,12.2,12.3,12.4,12.6,12.7,12.7,12.5,12.2,12,11.8,11.7,11.6,11.5,11.5,11.5,11.5,11.5,11.5,11.6,11.7,,
Zambia,ZMB,"Mortality rate, neonatal (per 1,000 live births)",SH.DYN.NMRT,,,,,,,,,,36.6,36.3,35.9,35.4,34.9,34.5,34.3,34.3,34.3,34.5,34.6,34.8,35,35.2,35.5,35.8,36.2,36.4,36.6,36.7,36.6,36.3,35.9,35.6,35.2,35,34.9,34.9,34.9,34.7,34.5,33.9,33,31.7,30.4,29.1,28,27.2,26.6,26.3,26,25.7,25.5,25.3,25.1,24.9,24.7,24.4,24.2,23.9,23.6,23.2,22.8,22.4,22,,
Zimbabwe,ZWE,"Mortality rate, neonatal (per 1,000 live births)",SH.DYN.NMRT,,,,,,32.5,32.3,32.2,32.1,32.1,32.3,32.6,32.9,33.4,33.8,34.1,34.3,34.2,33.9,33.4,32.8,32.1,31.2,30.2,29.3,28.5,27.8,27,26.3,25.5,24.4,23.5,22.9,22.5,22.7,23.2,23.8,24.2,24.4,24.6,24.9,25.3,25.9,26.7,27.5,28.2,29,29.7,30.1,30,29.6,28.9,28.1,27.4,26.8,26.3,25.8,25.4,24.9,24.4,24,23.4,22.9,22.4,,